mp,mp,fg,fga,fg%,3p,3pa,3p%,ft,fta,ft%,orb,drb,trb,ast,stl,blk,tov,pf,pts,+/-,ts%,efg%,3par,ftr,orb%,drb%,trb%,ast%,stl%,blk%,tov%,usg%,ortg,drtg,mp_max,mp_max,fg_max,fga_max,fg%_max,3p_max,3pa_max,3p%_max,ft_max,fta_max,ft%_max,orb_max,drb_max,trb_max,ast_max,stl_max,blk_max,tov_max,pf_max,pts_max,+/-_max,ts%_max,efg%_max,3par_max,ftr_max,orb%_max,drb%_max,trb%_max,ast%_max,stl%_max,blk%_max,tov%_max,usg%_max,ortg_max,drtg_max,team,total,home,index_opp,mp_opp,mp_opp,fg_opp,fga_opp,fg%_opp,3p_opp,3pa_opp,3p%_opp,ft_opp,fta_opp,ft%_opp,orb_opp,drb_opp,trb_opp,ast_opp,stl_opp,blk_opp,tov_opp,pf_opp,pts_opp,+/-_opp,ts%_opp,efg%_opp,3par_opp,ftr_opp,orb%_opp,drb%_opp,trb%_opp,ast%_opp,stl%_opp,blk%_opp,tov%_opp,usg%_opp,ortg_opp,drtg_opp,mp_max_opp,mp_max_opp,fg_max_opp,fga_max_opp,fg%_max_opp,3p_max_opp,3pa_max_opp,3p%_max_opp,ft_max_opp,fta_max_opp,ft%_max_opp,orb_max_opp,drb_max_opp,trb_max_opp,ast_max_opp,stl_max_opp,blk_max_opp,tov_max_opp,pf_max_opp,pts_max_opp,+/-_max_opp,ts%_max_opp,efg%_max_opp,3par_max_opp,ftr_max_opp,orb%_max_opp,drb%_max_opp,trb%_max_opp,ast%_max_opp,stl%_max_opp,blk%_max_opp,tov%_max_opp,usg%_max_opp,ortg_max_opp,drtg_max_opp,team_opp,total_opp,home_opp,season,date,won
240.0,240.0,48.0,98.0,0.49,15.0,38.0,0.395,14.0,17.0,0.824,11.0,37.0,48.0,36.0,3.0,4.0,7.0,20.0,125.0,,0.593,0.566,0.388,0.173,25.0,67.3,48.5,75.0,3.1,5.9,6.2,100.0,129.3,116.8,,,10.0,16.0,0.714,5.0,9.0,0.667,5.0,5.0,1.0,4.0,11.0,12.0,13.0,2.0,2.0,2.0,5.0,26.0,21.0,0.825,0.857,0.583,0.4,14.5,32.6,19.8,52.0,4.0,4.8,16.7,29.5,175.0,127.0,IND,125,0,1,240.0,240.0,43.0,99.0,0.434,12.0,31.0,0.387,15.0,24.0,0.625,18.0,33.0,51.0,29.0,2.0,6.0,6.0,16.0,113.0,,0.516,0.495,0.313,0.242,32.7,75.0,51.5,67.4,2.1,10.0,5.2,100.0,116.8,129.3,,,12.0,28.0,0.667,4.0,10.0,1.0,8.0,10.0,1.0,5.0,10.0,14.0,8.0,1.0,3.0,2.0,4.0,33.0,3.0,0.667,0.667,1.0,0.455,41.6,29.6,28.9,36.2,8.4,7.2,9.1,35.5,228.0,136.0,CLE,113,1,2024,2023-10-28,True
240.0,240.0,43.0,99.0,0.434,12.0,31.0,0.387,15.0,24.0,0.625,18.0,33.0,51.0,29.0,2.0,6.0,6.0,16.0,113.0,,0.516,0.495,0.313,0.242,32.7,75.0,51.5,67.4,2.1,10.0,5.2,100.0,116.8,129.3,,,12.0,28.0,0.667,4.0,10.0,1.0,8.0,10.0,1.0,5.0,10.0,14.0,8.0,1.0,3.0,2.0,4.0,33.0,3.0,0.667,0.667,1.0,0.455,41.6,29.6,28.9,36.2,8.4,7.2,9.1,35.5,228.0,136.0,CLE,113,1,0,240.0,240.0,48.0,98.0,0.49,15.0,38.0,0.395,14.0,17.0,0.824,11.0,37.0,48.0,36.0,3.0,4.0,7.0,20.0,125.0,,0.593,0.566,0.388,0.173,25.0,67.3,48.5,75.0,3.1,5.9,6.2,100.0,129.3,116.8,,,10.0,16.0,0.714,5.0,9.0,0.667,5.0,5.0,1.0,4.0,11.0,12.0,13.0,2.0,2.0,2.0,5.0,26.0,21.0,0.825,0.857,0.583,0.4,14.5,32.6,19.8,52.0,4.0,4.8,16.7,29.5,175.0,127.0,IND,125,0,2024,2023-10-28,False
240.0,240.0,44.0,96.0,0.458,9.0,24.0,0.375,23.0,29.0,0.793,11.0,34.0,45.0,28.0,6.0,9.0,14.0,11.0,120.0,,0.552,0.505,0.25,0.302,21.2,77.3,46.9,63.6,5.4,14.1,11.4,100.0,108.5,129.3,,,9.0,18.0,1.0,2.0,6.0,1.0,6.0,6.0,1.0,2.0,5.0,7.0,6.0,3.0,3.0,4.0,5.0,25.0,5.0,0.83,1.0,0.5,2.0,11.9,54.5,25.0,33.5,5.1,9.7,50.0,36.0,174.0,137.0,WAS,120,0,1,240.0,240.0,56.0,107.0,0.523,20.0,43.0,0.465,11.0,12.0,0.917,10.0,41.0,51.0,38.0,10.0,8.0,12.0,23.0,143.0,,0.637,0.617,0.402,0.112,22.7,78.8,53.1,67.9,9.0,11.1,9.7,100.0,129.3,108.5,,,9.0,16.0,1.0,6.0,8.0,1.0,4.0,4.0,1.0,3.0,8.0,8.0,11.0,2.0,3.0,3.0,4.0,24.0,15.0,1.01,1.0,0.778,0.4,24.4,48.7,35.2,52.1,14.5,11.7,18.4,47.6,211.0,119.0,IND,143,1,2024,2023-10-25,False
240.0,240.0,56.0,107.0,0.523,20.0,43.0,0.465,11.0,12.0,0.917,10.0,41.0,51.0,38.0,10.0,8.0,12.0,23.0,143.0,,0.637,0.617,0.402,0.112,22.7,78.8,53.1,67.9,9.0,11.1,9.7,100.0,129.3,108.5,,,9.0,16.0,1.0,6.0,8.0,1.0,4.0,4.0,1.0,3.0,8.0,8.0,11.0,2.0,3.0,3.0,4.0,24.0,15.0,1.01,1.0,0.778,0.4,24.4,48.7,35.2,52.1,14.5,11.7,18.4,47.6,211.0,119.0,IND,143,1,0,240.0,240.0,44.0,96.0,0.458,9.0,24.0,0.375,23.0,29.0,0.793,11.0,34.0,45.0,28.0,6.0,9.0,14.0,11.0,120.0,,0.552,0.505,0.25,0.302,21.2,77.3,46.9,63.6,5.4,14.1,11.4,100.0,108.5,129.3,,,9.0,18.0,1.0,2.0,6.0,1.0,6.0,6.0,1.0,2.0,5.0,7.0,6.0,3.0,3.0,4.0,5.0,25.0,5.0,0.83,1.0,0.5,2.0,11.9,54.5,25.0,33.5,5.1,9.7,50.0,36.0,174.0,137.0,WAS,120,0,2024,2023-10-25,True
240.0,240.0,43.0,90.0,0.478,20.0,44.0,0.455,20.0,28.0,0.714,12.0,33.0,45.0,30.0,9.0,6.0,16.0,21.0,126.0,,0.616,0.589,0.489,0.311,25.5,78.6,50.6,69.8,8.7,10.9,13.5,100.0,121.7,115.9,,,11.0,21.0,0.75,8.0,12.0,0.667,6.0,8.0,1.0,6.0,10.0,13.0,9.0,4.0,4.0,4.0,4.0,31.0,13.0,0.737,0.75,0.833,1.0,16.3,33.4,18.9,34.0,4.9,9.3,21.2,31.7,137.0,125.0,NYK,126,0,1,240.0,240.0,42.0,87.0,0.483,12.0,32.0,0.375,24.0,30.0,0.8,9.0,35.0,44.0,28.0,7.0,6.0,14.0,20.0,120.0,,0.599,0.552,0.368,0.345,21.4,74.5,49.4,66.7,6.8,13.0,12.3,100.0,115.9,121.7,,,8.0,17.0,0.625,4.0,9.0,0.5,8.0,10.0,1.0,6.0,9.0,13.0,12.0,3.0,1.0,6.0,4.0,27.0,2.0,0.817,0.75,1.0,2.0,24.4,30.8,24.9,44.6,3.9,5.2,24.4,31.4,178.0,127.0,ATL,120,1,2024,2023-10-27,True
240.0,240.0,42.0,87.0,0.483,12.0,32.0,0.375,24.0,30.0,0.8,9.0,35.0,44.0,28.0,7.0,6.0,14.0,20.0,120.0,,0.599,0.552,0.368,0.345,21.4,74.5,49.4,66.7,6.8,13.0,12.3,100.0,115.9,121.7,,,8.0,17.0,0.625,4.0,9.0,0.5,8.0,10.0,1.0,6.0,9.0,13.0,12.0,3.0,1.0,6.0,4.0,27.0,2.0,0.817,0.75,1.0,2.0,24.4,30.8,24.9,44.6,3.9,5.2,24.4,31.4,178.0,127.0,ATL,120,1,0,240.0,240.0,43.0,90.0,0.478,20.0,44.0,0.455,20.0,28.0,0.714,12.0,33.0,45.0,30.0,9.0,6.0,16.0,21.0,126.0,,0.616,0.589,0.489,0.311,25.5,78.6,50.6,69.8,8.7,10.9,13.5,100.0,121.7,115.9,,,11.0,21.0,0.75,8.0,12.0,0.667,6.0,8.0,1.0,6.0,10.0,13.0,9.0,4.0,4.0,4.0,4.0,31.0,13.0,0.737,0.75,0.833,1.0,16.3,33.4,18.9,34.0,4.9,9.3,21.2,31.7,137.0,125.0,NYK,126,0,2024,2023-10-27,False
240.0,240.0,41.0,86.0,0.477,13.0,34.0,0.382,19.0,20.0,0.95,7.0,33.0,40.0,27.0,7.0,2.0,14.0,20.0,114.0,,0.601,0.552,0.395,0.233,17.1,78.6,48.2,65.9,6.9,4.0,12.9,100.0,112.4,120.2,,,12.0,21.0,0.6,3.0,7.0,1.0,9.0,10.0,1.0,2.0,7.0,8.0,7.0,2.0,1.0,3.0,5.0,35.0,9.0,0.868,0.75,0.833,1.0,9.0,61.9,31.3,38.4,4.3,4.2,41.0,29.5,144.0,126.0,MIA,114,0,1,240.0,240.0,44.0,87.0,0.506,12.0,37.0,0.324,22.0,30.0,0.733,9.0,34.0,43.0,24.0,8.0,5.0,14.0,23.0,122.0,,0.609,0.575,0.425,0.345,21.4,82.9,51.8,54.5,7.9,9.6,12.3,100.0,120.2,112.4,,,12.0,21.0,0.8,3.0,7.0,0.75,9.0,11.0,1.0,3.0,6.0,8.0,5.0,2.0,1.0,4.0,3.0,33.0,18.0,1.1,1.1,0.8,1.0,12.3,37.7,24.9,34.2,5.1,5.0,18.4,36.7,158.0,121.0,MIL,122,1,2024,2023-10-30,False
240.0,240.0,44.0,87.0,0.506,12.0,37.0,0.324,22.0,30.0,0.733,9.0,34.0,43.0,24.0,8.0,5.0,14.0,23.0,122.0,,0.609,0.575,0.425,0.345,21.4,82.9,51.8,54.5,7.9,9.6,12.3,100.0,120.2,112.4,,,12.0,21.0,0.8,3.0,7.0,0.75,9.0,11.0,1.0,3.0,6.0,8.0,5.0,2.0,1.0,4.0,3.0,33.0,18.0,1.1,1.1,0.8,1.0,12.3,37.7,24.9,34.2,5.1,5.0,18.4,36.7,158.0,121.0,MIL,122,1,0,240.0,240.0,41.0,86.0,0.477,13.0,34.0,0.382,19.0,20.0,0.95,7.0,33.0,40.0,27.0,7.0,2.0,14.0,20.0,114.0,,0.601,0.552,0.395,0.233,17.1,78.6,48.2,65.9,6.9,4.0,12.9,100.0,112.4,120.2,,,12.0,21.0,0.6,3.0,7.0,1.0,9.0,10.0,1.0,2.0,7.0,8.0,7.0,2.0,1.0,3.0,5.0,35.0,9.0,0.868,0.75,0.833,1.0,9.0,61.9,31.3,38.4,4.3,4.2,41.0,29.5,144.0,126.0,MIA,114,0,2024,2023-10-30,True
240.0,240.0,39.0,93.0,0.419,5.0,29.0,0.172,27.0,33.0,0.818,12.0,30.0,42.0,24.0,12.0,1.0,12.0,19.0,110.0,,0.512,0.446,0.312,0.355,23.5,71.4,45.2,61.5,11.6,2.0,10.0,100.0,106.4,112.2,,,9.0,19.0,0.692,1.0,9.0,0.333,14.0,15.0,1.0,6.0,7.0,13.0,9.0,5.0,1.0,5.0,6.0,23.0,14.0,0.711,0.731,0.556,0.789,19.7,27.9,23.4,35.6,8.0,3.3,33.3,34.1,142.0,120.0,ATL,110,0,1,240.0,240.0,43.0,86.0,0.5,11.0,37.0,0.297,19.0,26.0,0.731,12.0,39.0,51.0,34.0,5.0,3.0,19.0,21.0,116.0,,0.595,0.564,0.43,0.302,28.6,76.5,54.8,79.1,4.8,4.7,16.3,100.0,112.2,106.4,,,12.0,18.0,1.0,4.0,11.0,0.429,8.0,12.0,1.0,4.0,11.0,15.0,10.0,3.0,1.0,6.0,4.0,25.0,19.0,0.931,1.0,0.778,2.0,15.3,34.6,25.9,42.4,4.7,4.2,39.2,29.1,145.0,114.0,CHO,116,1,2024,2023-10-25,False
240.0,240.0,43.0,86.0,0.5,11.0,37.0,0.297,19.0,26.0,0.731,12.0,39.0,51.0,34.0,5.0,3.0,19.0,21.0,116.0,,0.595,0.564,0.43,0.302,28.6,76.5,54.8,79.1,4.8,4.7,16.3,100.0,112.2,106.4,,,12.0,18.0,1.0,4.0,11.0,0.429,8.0,12.0,1.0,4.0,11.0,15.0,10.0,3.0,1.0,6.0,4.0,25.0,19.0,0.931,1.0,0.778,2.0,15.3,34.6,25.9,42.4,4.7,4.2,39.2,29.1,145.0,114.0,CHO,116,1,0,240.0,240.0,39.0,93.0,0.419,5.0,29.0,0.172,27.0,33.0,0.818,12.0,30.0,42.0,24.0,12.0,1.0,12.0,19.0,110.0,,0.512,0.446,0.312,0.355,23.5,71.4,45.2,61.5,11.6,2.0,10.0,100.0,106.4,112.2,,,9.0,19.0,0.692,1.0,9.0,0.333,14.0,15.0,1.0,6.0,7.0,13.0,9.0,5.0,1.0,5.0,6.0,23.0,14.0,0.711,0.731,0.556,0.789,19.7,27.9,23.4,35.6,8.0,3.3,33.3,34.1,142.0,120.0,ATL,110,0,2024,2023-10-25,True
240.0,240.0,45.0,92.0,0.489,21.0,43.0,0.488,9.0,10.0,0.9,10.0,37.0,47.0,30.0,5.0,4.0,15.0,28.0,120.0,,0.622,0.603,0.467,0.109,23.8,82.2,54.0,66.7,5.0,7.3,13.5,100.0,119.2,124.2,,,12.0,19.0,0.632,6.0,12.0,0.667,5.0,5.0,1.0,4.0,8.0,10.0,8.0,2.0,2.0,3.0,5.0,30.0,8.0,0.778,0.778,0.875,0.263,66.9,62.4,64.6,31.4,14.0,5.4,50.0,50.4,147.0,129.0,BRK,120,0,1,240.0,240.0,44.0,91.0,0.484,15.0,36.0,0.417,22.0,28.0,0.786,8.0,32.0,40.0,20.0,5.0,2.0,9.0,15.0,125.0,,0.605,0.566,0.396,0.308,17.8,76.2,46.0,45.5,5.0,4.1,8.0,100.0,124.2,119.2,,,16.0,25.0,1.0,9.0,14.0,1.0,8.0,10.0,1.0,2.0,9.0,10.0,7.0,3.0,1.0,3.0,5.0,49.0,13.0,1.127,1.125,0.667,0.857,16.6,28.5,15.3,41.1,11.8,24.3,50.0,34.9,230.0,127.0,DAL,125,1,2024,2023-10-27,False
240.0,240.0,44.0,91.0,0.484,15.0,36.0,0.417,22.0,28.0,0.786,8.0,32.0,40.0,20.0,5.0,2.0,9.0,15.0,125.0,,0.605,0.566,0.396,0.308,17.8,76.2,46.0,45.5,5.0,4.1,8.0,100.0,124.2,119.2,,,16.0,25.0,1.0,9.0,14.0,1.0,8.0,10.0,1.0,2.0,9.0,10.0,7.0,3.0,1.0,3.0,5.0,49.0,13.0,1.127,1.125,0.667,0.857,16.6,28.5,15.3,41.1,11.8,24.3,50.0,34.9,230.0,127.0,DAL,125,1,0,240.0,240.0,45.0,92.0,0.489,21.0,43.0,0.488,9.0,10.0,0.9,10.0,37.0,47.0,30.0,5.0,4.0,15.0,28.0,120.0,,0.622,0.603,0.467,0.109,23.8,82.2,54.0,66.7,5.0,7.3,13.5,100.0,119.2,124.2,,,12.0,19.0,0.632,6.0,12.0,0.667,5.0,5.0,1.0,4.0,8.0,10.0,8.0,2.0,2.0,3.0,5.0,30.0,8.0,0.778,0.778,0.875,0.263,66.9,62.4,64.6,31.4,14.0,5.4,50.0,50.4,147.0,129.0,BRK,120,0,2024,2023-10-27,True
240.0,240.0,35.0,81.0,0.432,18.0,45.0,0.4,18.0,23.0,0.783,8.0,41.0,49.0,27.0,6.0,6.0,14.0,18.0,106.0,,0.582,0.543,0.556,0.284,20.0,80.4,53.8,77.1,6.4,10.5,13.3,100.0,113.2,101.5,,,7.0,16.0,0.75,6.0,14.0,0.75,6.0,6.0,1.0,3.0,9.0,11.0,7.0,3.0,1.0,4.0,4.0,24.0,22.0,0.938,0.938,0.875,0.667,17.0,31.6,21.6,41.2,8.2,4.8,47.4,29.9,171.0,113.0,GSW,106,0,1,240.0,240.0,34.0,90.0,0.378,9.0,33.0,0.273,18.0,19.0,0.947,10.0,32.0,42.0,22.0,7.0,4.0,7.0,20.0,95.0,,0.483,0.428,0.367,0.211,19.6,80.0,46.2,64.7,7.5,11.1,6.6,100.0,101.5,113.2,,,8.0,20.0,0.6,2.0,7.0,0.5,4.0,5.0,1.0,4.0,8.0,9.0,7.0,2.0,2.0,4.0,5.0,21.0,12.0,0.765,0.7,1.0,0.4,11.3,33.2,19.5,42.4,4.7,12.3,33.3,31.3,151.0,122.0,HOU,95,1,2024,2023-10-29,True
240.0,240.0,34.0,90.0,0.378,9.0,33.0,0.273,18.0,19.0,0.947,10.0,32.0,42.0,22.0,7.0,4.0,7.0,20.0,95.0,,0.483,0.428,0.367,0.211,19.6,80.0,46.2,64.7,7.5,11.1,6.6,100.0,101.5,113.2,,,8.0,20.0,0.6,2.0,7.0,0.5,4.0,5.0,1.0,4.0,8.0,9.0,7.0,2.0,2.0,4.0,5.0,21.0,12.0,0.765,0.7,1.0,0.4,11.3,33.2,19.5,42.4,4.7,12.3,33.3,31.3,151.0,122.0,HOU,95,1,0,240.0,240.0,35.0,81.0,0.432,18.0,45.0,0.4,18.0,23.0,0.783,8.0,41.0,49.0,27.0,6.0,6.0,14.0,18.0,106.0,,0.582,0.543,0.556,0.284,20.0,80.4,53.8,77.1,6.4,10.5,13.3,100.0,113.2,101.5,,,7.0,16.0,0.75,6.0,14.0,0.75,6.0,6.0,1.0,3.0,9.0,11.0,7.0,3.0,1.0,4.0,4.0,24.0,22.0,0.938,0.938,0.875,0.667,17.0,31.6,21.6,41.2,8.2,4.8,47.4,29.9,171.0,113.0,GSW,106,0,2024,2023-10-29,False
240.0,240.0,35.0,87.0,0.402,12.0,38.0,0.316,8.0,14.0,0.571,9.0,33.0,42.0,24.0,6.0,1.0,14.0,12.0,90.0,,0.483,0.471,0.437,0.161,18.4,82.5,47.2,68.6,6.3,1.9,13.1,100.0,93.9,110.6,,,8.0,23.0,0.75,4.0,10.0,1.0,5.0,10.0,1.0,3.0,11.0,11.0,7.0,2.0,1.0,4.0,4.0,22.0,7.0,0.875,0.875,0.833,0.714,25.4,62.6,28.1,32.3,3.9,26.0,42.9,66.1,174.0,117.0,MIA,90,0,1,240.0,240.0,44.0,86.0,0.512,12.0,34.0,0.353,6.0,8.0,0.75,7.0,40.0,47.0,30.0,9.0,3.0,14.0,17.0,106.0,,0.592,0.581,0.395,0.093,17.5,81.6,52.8,68.2,9.4,6.1,13.5,100.0,110.6,93.9,,,10.0,15.0,0.833,4.0,7.0,1.0,2.0,2.0,1.0,4.0,10.0,14.0,7.0,2.0,2.0,3.0,3.0,25.0,30.0,0.872,0.857,1.0,0.333,15.6,51.1,28.1,88.6,4.4,51.1,50.0,48.4,163.0,103.0,MIN,106,1,2024,2023-10-28,False
240.0,240.0,44.0,86.0,0.512,12.0,34.0,0.353,6.0,8.0,0.75,7.0,40.0,47.0,30.0,9.0,3.0,14.0,17.0,106.0,,0.592,0.581,0.395,0.093,17.5,81.6,52.8,68.2,9.4,6.1,13.5,100.0,110.6,93.9,,,10.0,15.0,0.833,4.0,7.0,1.0,2.0,2.0,1.0,4.0,10.0,14.0,7.0,2.0,2.0,3.0,3.0,25.0,30.0,0.872,0.857,1.0,0.333,15.6,51.1,28.1,88.6,4.4,51.1,50.0,48.4,163.0,103.0,MIN,106,1,0,240.0,240.0,35.0,87.0,0.402,12.0,38.0,0.316,8.0,14.0,0.571,9.0,33.0,42.0,24.0,6.0,1.0,14.0,12.0,90.0,,0.483,0.471,0.437,0.161,18.4,82.5,47.2,68.6,6.3,1.9,13.1,100.0,93.9,110.6,,,8.0,23.0,0.75,4.0,10.0,1.0,5.0,10.0,1.0,3.0,11.0,11.0,7.0,2.0,1.0,4.0,4.0,22.0,7.0,0.875,0.875,0.833,0.714,25.4,62.6,28.1,32.3,3.9,26.0,42.9,66.1,174.0,117.0,MIA,90,0,2024,2023-10-28,True
240.0,240.0,44.0,93.0,0.473,10.0,32.0,0.313,13.0,17.0,0.765,15.0,25.0,40.0,20.0,10.0,4.0,17.0,20.0,111.0,,0.552,0.527,0.344,0.183,32.6,64.1,47.1,45.5,10.2,7.1,14.5,100.0,112.9,125.1,,,8.0,16.0,0.714,3.0,6.0,1.0,4.0,4.0,1.0,4.0,9.0,12.0,5.0,3.0,1.0,4.0,5.0,20.0,13.0,0.694,0.714,0.857,1.0,16.4,48.0,29.4,39.2,6.3,5.4,42.9,40.7,140.0,135.0,POR,111,0,1,240.0,240.0,47.0,90.0,0.522,16.0,34.0,0.471,13.0,16.0,0.813,14.0,31.0,45.0,36.0,11.0,7.0,17.0,20.0,123.0,,0.634,0.611,0.378,0.178,35.9,67.4,52.9,76.6,11.2,11.5,14.9,100.0,125.1,112.9,,,11.0,17.0,0.8,5.0,8.0,1.0,4.0,5.0,1.0,5.0,7.0,12.0,13.0,3.0,4.0,4.0,4.0,27.0,30.0,0.82,0.8,0.833,2.0,30.5,34.3,26.5,56.0,24.2,12.3,27.3,31.3,234.0,124.0,LAC,123,1,2024,2023-10-25,False
240.0,240.0,47.0,90.0,0.522,16.0,34.0,0.471,13.0,16.0,0.813,14.0,31.0,45.0,36.0,11.0,7.0,17.0,20.0,123.0,,0.634,0.611,0.378,0.178,35.9,67.4,52.9,76.6,11.2,11.5,14.9,100.0,125.1,112.9,,,11.0,17.0,0.8,5.0,8.0,1.0,4.0,5.0,1.0,5.0,7.0,12.0,13.0,3.0,4.0,4.0,4.0,27.0,30.0,0.82,0.8,0.833,2.0,30.5,34.3,26.5,56.0,24.2,12.3,27.3,31.3,234.0,124.0,LAC,123,1,0,240.0,240.0,44.0,93.0,0.473,10.0,32.0,0.313,13.0,17.0,0.765,15.0,25.0,40.0,20.0,10.0,4.0,17.0,20.0,111.0,,0.552,0.527,0.344,0.183,32.6,64.1,47.1,45.5,10.2,7.1,14.5,100.0,112.9,125.1,,,8.0,16.0,0.714,3.0,6.0,1.0,4.0,4.0,1.0,4.0,9.0,12.0,5.0,3.0,1.0,4.0,5.0,20.0,13.0,0.694,0.714,0.857,1.0,16.4,48.0,29.4,39.2,6.3,5.4,42.9,40.7,140.0,135.0,POR,111,0,2024,2023-10-25,True
240.0,240.0,53.0,88.0,0.602,11.0,27.0,0.407,11.0,13.0,0.846,10.0,38.0,48.0,34.0,8.0,5.0,13.0,21.0,128.0,,0.683,0.665,0.307,0.148,31.3,84.4,62.3,64.2,8.3,8.6,12.2,100.0,133.4,99.0,,,12.0,16.0,0.75,4.0,7.0,1.0,5.0,5.0,1.0,3.0,12.0,14.0,8.0,2.0,3.0,4.0,4.0,28.0,25.0,0.833,0.833,1.0,0.556,18.3,42.9,29.2,36.1,9.1,10.8,40.0,32.1,162.0,108.0,DEN,128,0,1,240.0,240.0,37.0,90.0,0.411,6.0,32.0,0.188,15.0,18.0,0.833,7.0,22.0,29.0,22.0,8.0,4.0,9.0,14.0,95.0,,0.485,0.444,0.356,0.2,15.6,68.8,37.7,59.5,8.3,6.6,8.4,100.0,99.0,133.4,,,7.0,16.0,1.0,1.0,5.0,1.0,4.0,4.0,1.0,2.0,5.0,5.0,7.0,4.0,1.0,2.0,3.0,19.0,-2.0,1.167,1.167,1.0,2.0,13.0,54.7,30.3,74.3,12.0,5.5,51.5,46.0,229.0,141.0,OKC,95,1,2024,2023-10-29,True
240.0,240.0,37.0,90.0,0.411,6.0,32.0,0.188,15.0,18.0,0.833,7.0,22.0,29.0,22.0,8.0,4.0,9.0,14.0,95.0,,0.485,0.444,0.356,0.2,15.6,68.8,37.7,59.5,8.3,6.6,8.4,100.0,99.0,133.4,,,7.0,16.0,1.0,1.0,5.0,1.0,4.0,4.0,1.0,2.0,5.0,5.0,7.0,4.0,1.0,2.0,3.0,19.0,-2.0,1.167,1.167,1.0,2.0,13.0,54.7,30.3,74.3,12.0,5.5,51.5,46.0,229.0,141.0,OKC,95,1,0,240.0,240.0,53.0,88.0,0.602,11.0,27.0,0.407,11.0,13.0,0.846,10.0,38.0,48.0,34.0,8.0,5.0,13.0,21.0,128.0,,0.683,0.665,0.307,0.148,31.3,84.4,62.3,64.2,8.3,8.6,12.2,100.0,133.4,99.0,,,12.0,16.0,0.75,4.0,7.0,1.0,5.0,5.0,1.0,3.0,12.0,14.0,8.0,2.0,3.0,4.0,4.0,28.0,25.0,0.833,0.833,1.0,0.556,18.3,42.9,29.2,36.1,9.1,10.8,40.0,32.1,162.0,108.0,DEN,128,0,2024,2023-10-29,False
240.0,240.0,41.0,80.0,0.513,16.0,35.0,0.457,19.0,28.0,0.679,4.0,35.0,39.0,25.0,8.0,4.0,15.0,28.0,117.0,,0.634,0.613,0.438,0.35,10.3,81.4,47.6,61.0,7.9,7.8,14.0,100.0,115.1,116.1,,,10.0,22.0,1.0,5.0,8.0,1.0,8.0,10.0,1.0,1.0,7.0,7.0,8.0,2.0,2.0,7.0,5.0,31.0,14.0,1.058,1.056,1.0,1.0,10.6,29.0,20.2,32.9,3.8,41.2,41.0,38.7,218.0,120.0,PHI,117,0,1,240.0,240.0,41.0,81.0,0.506,11.0,30.0,0.367,25.0,36.0,0.694,8.0,35.0,43.0,20.0,9.0,4.0,14.0,23.0,118.0,,0.609,0.574,0.37,0.444,18.6,89.7,52.4,48.8,8.9,8.9,12.6,100.0,116.1,115.1,,,10.0,21.0,0.75,4.0,12.0,1.0,17.0,17.0,1.0,4.0,8.0,12.0,4.0,2.0,2.0,7.0,4.0,39.0,14.0,0.929,0.929,0.667,0.85,12.7,28.0,20.0,33.8,5.8,6.1,33.3,39.4,156.0,121.0,MIL,118,1,2024,2023-10-26,False
240.0,240.0,41.0,81.0,0.506,11.0,30.0,0.367,25.0,36.0,0.694,8.0,35.0,43.0,20.0,9.0,4.0,14.0,23.0,118.0,,0.609,0.574,0.37,0.444,18.6,89.7,52.4,48.8,8.9,8.9,12.6,100.0,116.1,115.1,,,10.0,21.0,0.75,4.0,12.0,1.0,17.0,17.0,1.0,4.0,8.0,12.0,4.0,2.0,2.0,7.0,4.0,39.0,14.0,0.929,0.929,0.667,0.85,12.7,28.0,20.0,33.8,5.8,6.1,33.3,39.4,156.0,121.0,MIL,118,1,0,240.0,240.0,41.0,80.0,0.513,16.0,35.0,0.457,19.0,28.0,0.679,4.0,35.0,39.0,25.0,8.0,4.0,15.0,28.0,117.0,,0.634,0.613,0.438,0.35,10.3,81.4,47.6,61.0,7.9,7.8,14.0,100.0,115.1,116.1,,,10.0,22.0,1.0,5.0,8.0,1.0,8.0,10.0,1.0,1.0,7.0,7.0,8.0,2.0,2.0,7.0,5.0,31.0,14.0,1.058,1.056,1.0,1.0,10.6,29.0,20.2,32.9,3.8,41.2,41.0,38.7,218.0,120.0,PHI,117,0,2024,2023-10-26,True
240.0,240.0,44.0,90.0,0.489,16.0,33.0,0.485,9.0,15.0,0.6,10.0,28.0,38.0,24.0,5.0,5.0,10.0,17.0,113.0,,0.585,0.578,0.367,0.167,23.8,87.5,51.4,54.5,5.2,8.9,9.4,100.0,118.1,132.7,,,13.0,21.0,1.0,5.0,8.0,1.0,8.0,11.0,1.0,6.0,8.0,13.0,7.0,2.0,2.0,5.0,4.0,31.0,4.0,1.0,1.0,1.0,1.571,22.3,100.0,54.8,32.4,4.0,72.4,28.6,38.1,200.0,138.0,MIN,113,0,1,240.0,240.0,48.0,86.0,0.558,14.0,30.0,0.467,17.0,18.0,0.944,4.0,32.0,36.0,28.0,6.0,7.0,9.0,12.0,127.0,,0.676,0.64,0.349,0.209,12.5,76.2,48.6,58.3,6.3,12.3,8.7,100.0,132.7,118.1,,,17.0,24.0,1.0,3.0,7.0,1.0,5.0,5.0,1.0,2.0,7.0,7.0,8.0,2.0,5.0,3.0,3.0,41.0,25.0,1.5,1.5,1.0,1.333,12.4,27.2,18.7,30.8,2.5,18.7,21.2,39.4,275.0,128.0,ATL,127,1,2024,2023-10-30,False
240.0,240.0,48.0,86.0,0.558,14.0,30.0,0.467,17.0,18.0,0.944,4.0,32.0,36.0,28.0,6.0,7.0,9.0,12.0,127.0,,0.676,0.64,0.349,0.209,12.5,76.2,48.6,58.3,6.3,12.3,8.7,100.0,132.7,118.1,,,17.0,24.0,1.0,3.0,7.0,1.0,5.0,5.0,1.0,2.0,7.0,7.0,8.0,2.0,5.0,3.0,3.0,41.0,25.0,1.5,1.5,1.0,1.333,12.4,27.2,18.7,30.8,2.5,18.7,21.2,39.4,275.0,128.0,ATL,127,1,0,240.0,240.0,44.0,90.0,0.489,16.0,33.0,0.485,9.0,15.0,0.6,10.0,28.0,38.0,24.0,5.0,5.0,10.0,17.0,113.0,,0.585,0.578,0.367,0.167,23.8,87.5,51.4,54.5,5.2,8.9,9.4,100.0,118.1,132.7,,,13.0,21.0,1.0,5.0,8.0,1.0,8.0,11.0,1.0,6.0,8.0,13.0,7.0,2.0,2.0,5.0,4.0,31.0,4.0,1.0,1.0,1.0,1.571,22.3,100.0,54.8,32.4,4.0,72.4,28.6,38.1,200.0,138.0,MIN,113,0,2024,2023-10-30,True
240.0,240.0,43.0,86.0,0.5,10.0,28.0,0.357,18.0,21.0,0.857,9.0,33.0,42.0,25.0,8.0,7.0,9.0,18.0,114.0,,0.598,0.558,0.326,0.244,24.3,71.7,50.6,58.1,8.6,12.7,8.6,100.0,123.2,115.7,,,14.0,21.0,1.0,7.0,9.0,1.0,6.0,7.0,1.0,3.0,9.0,9.0,8.0,3.0,2.0,2.0,4.0,34.0,10.0,1.5,1.5,1.0,0.7,22.9,26.6,22.9,45.3,5.3,7.6,50.0,32.1,159.0,127.0,PHI,114,0,1,240.0,240.0,38.0,87.0,0.437,17.0,32.0,0.531,14.0,19.0,0.737,13.0,28.0,41.0,28.0,5.0,5.0,13.0,19.0,107.0,,0.561,0.534,0.368,0.218,28.3,75.7,49.4,73.7,5.4,8.6,12.0,100.0,115.7,123.2,,,11.0,16.0,0.688,4.0,6.0,1.0,3.0,4.0,1.0,3.0,7.0,8.0,10.0,2.0,2.0,3.0,5.0,24.0,5.0,0.901,0.875,0.75,0.6,17.2,33.3,22.2,43.6,4.4,4.5,40.3,31.5,157.0,131.0,TOR,107,1,2024,2023-10-28,True
240.0,240.0,38.0,87.0,0.437,17.0,32.0,0.531,14.0,19.0,0.737,13.0,28.0,41.0,28.0,5.0,5.0,13.0,19.0,107.0,,0.561,0.534,0.368,0.218,28.3,75.7,49.4,73.7,5.4,8.6,12.0,100.0,115.7,123.2,,,11.0,16.0,0.688,4.0,6.0,1.0,3.0,4.0,1.0,3.0,7.0,8.0,10.0,2.0,2.0,3.0,5.0,24.0,5.0,0.901,0.875,0.75,0.6,17.2,33.3,22.2,43.6,4.4,4.5,40.3,31.5,157.0,131.0,TOR,107,1,0,240.0,240.0,43.0,86.0,0.5,10.0,28.0,0.357,18.0,21.0,0.857,9.0,33.0,42.0,25.0,8.0,7.0,9.0,18.0,114.0,,0.598,0.558,0.326,0.244,24.3,71.7,50.6,58.1,8.6,12.7,8.6,100.0,123.2,115.7,,,14.0,21.0,1.0,7.0,9.0,1.0,6.0,7.0,1.0,3.0,9.0,9.0,8.0,3.0,2.0,2.0,4.0,34.0,10.0,1.5,1.5,1.0,0.7,22.9,26.6,22.9,45.3,5.3,7.6,50.0,32.1,159.0,127.0,PHI,114,0,2024,2023-10-28,False
240.0,240.0,41.0,77.0,0.532,14.0,35.0,0.4,22.0,28.0,0.786,6.0,30.0,36.0,17.0,8.0,6.0,14.0,22.0,118.0,,0.661,0.623,0.455,0.364,17.6,63.8,44.4,41.5,8.3,10.9,13.6,100.0,122.1,124.2,,,10.0,22.0,1.0,4.0,10.0,0.667,15.0,15.0,1.0,3.0,8.0,9.0,5.0,2.0,3.0,5.0,4.0,36.0,9.0,1.0,1.0,1.0,2.0,11.8,25.7,19.9,23.4,5.1,9.0,55.6,31.5,205.0,132.0,LAC,118,0,1,240.0,240.0,42.0,96.0,0.438,16.0,41.0,0.39,20.0,22.0,0.909,17.0,28.0,45.0,27.0,7.0,4.0,14.0,24.0,120.0,,0.568,0.521,0.427,0.229,36.2,82.4,55.6,64.3,7.2,9.5,11.7,100.0,124.2,122.1,,,12.0,23.0,0.833,5.0,13.0,1.0,6.0,6.0,1.0,5.0,7.0,12.0,8.0,3.0,1.0,3.0,6.0,35.0,11.0,1.025,1.0,0.667,0.5,14.9,28.9,20.8,39.3,5.6,9.2,30.0,32.9,147.0,128.0,UTA,120,1,2024,2023-10-27,False
240.0,240.0,42.0,96.0,0.438,16.0,41.0,0.39,20.0,22.0,0.909,17.0,28.0,45.0,27.0,7.0,4.0,14.0,24.0,120.0,,0.568,0.521,0.427,0.229,36.2,82.4,55.6,64.3,7.2,9.5,11.7,100.0,124.2,122.1,,,12.0,23.0,0.833,5.0,13.0,1.0,6.0,6.0,1.0,5.0,7.0,12.0,8.0,3.0,1.0,3.0,6.0,35.0,11.0,1.025,1.0,0.667,0.5,14.9,28.9,20.8,39.3,5.6,9.2,30.0,32.9,147.0,128.0,UTA,120,1,0,240.0,240.0,41.0,77.0,0.532,14.0,35.0,0.4,22.0,28.0,0.786,6.0,30.0,36.0,17.0,8.0,6.0,14.0,22.0,118.0,,0.661,0.623,0.455,0.364,17.6,63.8,44.4,41.5,8.3,10.9,13.6,100.0,122.1,124.2,,,10.0,22.0,1.0,4.0,10.0,0.667,15.0,15.0,1.0,3.0,8.0,9.0,5.0,2.0,3.0,5.0,4.0,36.0,9.0,1.0,1.0,1.0,2.0,11.8,25.7,19.9,23.4,5.1,9.0,55.6,31.5,205.0,132.0,LAC,118,0,2024,2023-10-27,True
240.0,240.0,51.0,98.0,0.52,15.0,41.0,0.366,13.0,20.0,0.65,21.0,43.0,64.0,28.0,6.0,7.0,14.0,21.0,130.0,,0.609,0.597,0.418,0.204,45.7,75.4,62.1,54.9,6.1,13.0,11.6,100.0,132.0,103.6,,,15.0,22.0,0.682,7.0,13.0,0.538,5.0,7.0,1.0,7.0,7.0,10.0,7.0,2.0,4.0,3.0,4.0,42.0,19.0,0.837,0.841,1.0,0.444,36.8,25.9,22.6,35.2,3.9,17.9,25.4,37.2,186.0,114.0,GSW,130,0,1,240.0,240.0,38.0,93.0,0.409,10.0,39.0,0.256,16.0,26.0,0.615,14.0,25.0,39.0,23.0,8.0,3.0,11.0,18.0,102.0,,0.488,0.462,0.419,0.28,24.6,54.3,37.9,60.5,8.1,5.3,9.5,100.0,103.6,132.0,,,7.0,21.0,1.0,3.0,8.0,1.0,5.0,9.0,1.0,3.0,4.0,6.0,5.0,2.0,2.0,5.0,5.0,19.0,0.0,1.25,1.25,0.8,1.0,18.1,22.4,20.0,25.6,4.4,7.4,60.0,33.3,154.0,141.0,NOP,102,1,2024,2023-10-30,True
240.0,240.0,38.0,93.0,0.409,10.0,39.0,0.256,16.0,26.0,0.615,14.0,25.0,39.0,23.0,8.0,3.0,11.0,18.0,102.0,,0.488,0.462,0.419,0.28,24.6,54.3,37.9,60.5,8.1,5.3,9.5,100.0,103.6,132.0,,,7.0,21.0,1.0,3.0,8.0,1.0,5.0,9.0,1.0,3.0,4.0,6.0,5.0,2.0,2.0,5.0,5.0,19.0,0.0,1.25,1.25,0.8,1.0,18.1,22.4,20.0,25.6,4.4,7.4,60.0,33.3,154.0,141.0,NOP,102,1,0,240.0,240.0,51.0,98.0,0.52,15.0,41.0,0.366,13.0,20.0,0.65,21.0,43.0,64.0,28.0,6.0,7.0,14.0,21.0,130.0,,0.609,0.597,0.418,0.204,45.7,75.4,62.1,54.9,6.1,13.0,11.6,100.0,132.0,103.6,,,15.0,22.0,0.682,7.0,13.0,0.538,5.0,7.0,1.0,7.0,7.0,10.0,7.0,2.0,4.0,3.0,4.0,42.0,19.0,0.837,0.841,1.0,0.444,36.8,25.9,22.6,35.2,3.9,17.9,25.4,37.2,186.0,114.0,GSW,130,0,2024,2023-10-30,False
240.0,240.0,42.0,95.0,0.442,11.0,33.0,0.333,13.0,17.0,0.765,17.0,43.0,60.0,23.0,5.0,7.0,19.0,22.0,108.0,,0.527,0.5,0.347,0.179,35.4,70.5,55.0,54.8,4.9,12.1,15.6,100.0,106.2,102.3,,,13.0,22.0,1.0,3.0,9.0,1.0,3.0,5.0,1.0,4.0,11.0,14.0,8.0,1.0,3.0,6.0,5.0,32.0,7.0,1.5,1.5,1.0,1.333,14.3,31.1,22.1,41.4,16.4,12.9,38.7,30.3,300.0,112.0,PHO,108,0,1,240.0,240.0,36.0,101.0,0.356,10.0,43.0,0.233,22.0,28.0,0.786,18.0,31.0,49.0,19.0,11.0,6.0,11.0,23.0,104.0,,0.459,0.406,0.426,0.277,29.5,64.6,45.0,52.8,10.8,9.7,8.8,100.0,102.3,106.2,,,8.0,20.0,0.667,4.0,14.0,0.5,7.0,7.0,1.0,5.0,6.0,11.0,9.0,3.0,2.0,3.0,5.0,27.0,15.0,0.799,0.833,0.7,0.75,21.3,21.5,17.3,41.5,7.9,7.7,23.7,31.5,225.0,118.0,GSW,104,1,2024,2023-10-24,True
240.0,240.0,36.0,101.0,0.356,10.0,43.0,0.233,22.0,28.0,0.786,18.0,31.0,49.0,19.0,11.0,6.0,11.0,23.0,104.0,,0.459,0.406,0.426,0.277,29.5,64.6,45.0,52.8,10.8,9.7,8.8,100.0,102.3,106.2,,,8.0,20.0,0.667,4.0,14.0,0.5,7.0,7.0,1.0,5.0,6.0,11.0,9.0,3.0,2.0,3.0,5.0,27.0,15.0,0.799,0.833,0.7,0.75,21.3,21.5,17.3,41.5,7.9,7.7,23.7,31.5,225.0,118.0,GSW,104,1,0,240.0,240.0,42.0,95.0,0.442,11.0,33.0,0.333,13.0,17.0,0.765,17.0,43.0,60.0,23.0,5.0,7.0,19.0,22.0,108.0,,0.527,0.5,0.347,0.179,35.4,70.5,55.0,54.8,4.9,12.1,15.6,100.0,106.2,102.3,,,13.0,22.0,1.0,3.0,9.0,1.0,3.0,5.0,1.0,4.0,11.0,14.0,8.0,1.0,3.0,6.0,5.0,32.0,7.0,1.5,1.5,1.0,1.333,14.3,31.1,22.1,41.4,16.4,12.9,38.7,30.3,300.0,112.0,PHO,108,0,2024,2023-10-24,False
240.0,240.0,47.0,99.0,0.475,15.0,47.0,0.319,17.0,23.0,0.739,13.0,35.0,48.0,24.0,6.0,3.0,12.0,20.0,126.0,,0.577,0.551,0.475,0.232,26.5,79.5,51.6,51.1,5.6,5.6,9.9,100.0,118.4,111.8,,,13.0,25.0,0.875,4.0,11.0,1.0,4.0,7.0,1.0,5.0,12.0,13.0,10.0,2.0,1.0,4.0,4.0,33.0,20.0,0.858,0.875,0.727,0.8,16.0,38.2,19.6,48.7,2.6,3.9,20.8,37.1,177.0,118.0,DAL,126,0,1,240.0,240.0,46.0,89.0,0.517,11.0,35.0,0.314,16.0,22.0,0.727,9.0,36.0,45.0,33.0,8.0,5.0,19.0,23.0,119.0,,0.603,0.579,0.393,0.247,20.5,73.5,48.4,71.7,7.5,9.6,16.1,100.0,111.8,118.4,,,9.0,17.0,1.0,3.0,6.0,0.667,4.0,6.0,1.0,3.0,7.0,9.0,7.0,2.0,2.0,5.0,5.0,23.0,4.0,1.0,1.0,1.0,0.571,11.4,30.0,19.8,31.5,3.9,8.4,50.0,25.3,173.0,125.0,SAS,119,1,2024,2023-10-25,True
240.0,240.0,46.0,89.0,0.517,11.0,35.0,0.314,16.0,22.0,0.727,9.0,36.0,45.0,33.0,8.0,5.0,19.0,23.0,119.0,,0.603,0.579,0.393,0.247,20.5,73.5,48.4,71.7,7.5,9.6,16.1,100.0,111.8,118.4,,,9.0,17.0,1.0,3.0,6.0,0.667,4.0,6.0,1.0,3.0,7.0,9.0,7.0,2.0,2.0,5.0,5.0,23.0,4.0,1.0,1.0,1.0,0.571,11.4,30.0,19.8,31.5,3.9,8.4,50.0,25.3,173.0,125.0,SAS,119,1,0,240.0,240.0,47.0,99.0,0.475,15.0,47.0,0.319,17.0,23.0,0.739,13.0,35.0,48.0,24.0,6.0,3.0,12.0,20.0,126.0,,0.577,0.551,0.475,0.232,26.5,79.5,51.6,51.1,5.6,5.6,9.9,100.0,118.4,111.8,,,13.0,25.0,0.875,4.0,11.0,1.0,4.0,7.0,1.0,5.0,12.0,13.0,10.0,2.0,1.0,4.0,4.0,33.0,20.0,0.858,0.875,0.727,0.8,16.0,38.2,19.6,48.7,2.6,3.9,20.8,37.1,177.0,118.0,DAL,126,0,2024,2023-10-25,False
240.0,240.0,30.0,80.0,0.375,11.0,33.0,0.333,12.0,16.0,0.75,6.0,31.0,37.0,21.0,9.0,6.0,25.0,23.0,83.0,,0.477,0.444,0.413,0.2,13.3,77.5,43.5,70.0,8.6,12.2,22.3,100.0,79.4,117.7,,,6.0,12.0,0.75,2.0,5.0,0.5,3.0,6.0,1.0,2.0,5.0,6.0,4.0,1.0,1.0,5.0,4.0,14.0,9.0,0.761,0.75,1.0,2.0,15.4,34.7,17.4,34.7,6.6,14.2,100.0,31.0,153.0,127.0,SAS,83,0,1,240.0,240.0,47.0,91.0,0.516,16.0,42.0,0.381,13.0,21.0,0.619,9.0,39.0,48.0,23.0,15.0,5.0,16.0,16.0,123.0,,0.614,0.604,0.462,0.231,22.5,86.7,56.5,48.9,14.3,10.6,13.8,100.0,117.7,79.4,,,8.0,17.0,0.857,4.0,8.0,0.6,6.0,7.0,1.0,2.0,7.0,8.0,5.0,5.0,1.0,4.0,4.0,21.0,30.0,0.83,0.857,1.0,0.857,24.8,88.3,46.7,42.3,9.5,5.7,100.0,34.8,167.0,92.0,LAC,123,1,2024,2023-10-29,False
240.0,240.0,47.0,91.0,0.516,16.0,42.0,0.381,13.0,21.0,0.619,9.0,39.0,48.0,23.0,15.0,5.0,16.0,16.0,123.0,,0.614,0.604,0.462,0.231,22.5,86.7,56.5,48.9,14.3,10.6,13.8,100.0,117.7,79.4,,,8.0,17.0,0.857,4.0,8.0,0.6,6.0,7.0,1.0,2.0,7.0,8.0,5.0,5.0,1.0,4.0,4.0,21.0,30.0,0.83,0.857,1.0,0.857,24.8,88.3,46.7,42.3,9.5,5.7,100.0,34.8,167.0,92.0,LAC,123,1,0,240.0,240.0,30.0,80.0,0.375,11.0,33.0,0.333,12.0,16.0,0.75,6.0,31.0,37.0,21.0,9.0,6.0,25.0,23.0,83.0,,0.477,0.444,0.413,0.2,13.3,77.5,43.5,70.0,8.6,12.2,22.3,100.0,79.4,117.7,,,6.0,12.0,0.75,2.0,5.0,0.5,3.0,6.0,1.0,2.0,5.0,6.0,4.0,1.0,1.0,5.0,4.0,14.0,9.0,0.761,0.75,1.0,2.0,15.4,34.7,17.4,34.7,6.6,14.2,100.0,31.0,153.0,127.0,SAS,83,0,2024,2023-10-29,True
240.0,240.0,38.0,95.0,0.4,14.0,35.0,0.4,13.0,18.0,0.722,12.0,32.0,44.0,28.0,10.0,3.0,11.0,22.0,103.0,,0.5,0.474,0.368,0.189,24.5,91.4,52.4,73.7,10.1,5.8,9.7,100.0,104.5,107.6,,,7.0,17.0,1.0,5.0,7.0,1.0,4.0,4.0,1.0,3.0,6.0,8.0,8.0,3.0,2.0,3.0,4.0,17.0,10.0,1.417,1.417,1.0,0.4,11.1,36.9,17.3,41.9,8.1,5.6,33.3,29.4,138.0,114.0,ORL,103,0,1,240.0,240.0,42.0,79.0,0.532,8.0,27.0,0.296,14.0,18.0,0.778,3.0,37.0,40.0,28.0,7.0,10.0,16.0,17.0,106.0,,0.61,0.582,0.342,0.228,8.6,75.5,47.6,66.7,7.1,16.7,15.5,100.0,107.6,104.5,,,12.0,18.0,0.714,3.0,6.0,0.5,5.0,5.0,1.0,2.0,17.0,19.0,8.0,3.0,3.0,5.0,4.0,28.0,12.0,0.864,0.821,1.0,0.667,7.2,43.6,28.4,36.7,4.5,9.1,50.0,33.8,146.0,114.0,LAL,106,1,2024,2023-10-30,False
240.0,240.0,42.0,79.0,0.532,8.0,27.0,0.296,14.0,18.0,0.778,3.0,37.0,40.0,28.0,7.0,10.0,16.0,17.0,106.0,,0.61,0.582,0.342,0.228,8.6,75.5,47.6,66.7,7.1,16.7,15.5,100.0,107.6,104.5,,,12.0,18.0,0.714,3.0,6.0,0.5,5.0,5.0,1.0,2.0,17.0,19.0,8.0,3.0,3.0,5.0,4.0,28.0,12.0,0.864,0.821,1.0,0.667,7.2,43.6,28.4,36.7,4.5,9.1,50.0,33.8,146.0,114.0,LAL,106,1,0,240.0,240.0,38.0,95.0,0.4,14.0,35.0,0.4,13.0,18.0,0.722,12.0,32.0,44.0,28.0,10.0,3.0,11.0,22.0,103.0,,0.5,0.474,0.368,0.189,24.5,91.4,52.4,73.7,10.1,5.8,9.7,100.0,104.5,107.6,,,7.0,17.0,1.0,5.0,7.0,1.0,4.0,4.0,1.0,3.0,6.0,8.0,8.0,3.0,2.0,3.0,4.0,17.0,10.0,1.417,1.417,1.0,0.4,11.1,36.9,17.3,41.9,8.1,5.6,33.3,29.4,138.0,114.0,ORL,103,0,2024,2023-10-30,True
240.0,240.0,43.0,92.0,0.467,14.0,37.0,0.378,15.0,20.0,0.75,8.0,29.0,37.0,25.0,10.0,9.0,12.0,17.0,115.0,,0.57,0.543,0.402,0.217,17.8,82.9,46.3,58.1,9.8,20.5,10.6,100.0,113.2,112.2,,,10.0,20.0,0.75,4.0,9.0,1.0,4.0,5.0,1.0,3.0,6.0,8.0,5.0,3.0,4.0,5.0,5.0,27.0,13.0,1.0,1.0,1.0,1.0,11.3,27.2,17.0,21.5,5.3,15.5,33.3,37.9,190.0,123.0,SAS,115,0,1,240.0,240.0,42.0,83.0,0.506,18.0,39.0,0.462,12.0,15.0,0.8,6.0,37.0,43.0,29.0,8.0,7.0,19.0,18.0,114.0,,0.636,0.614,0.47,0.181,17.1,82.2,53.8,69.0,7.9,12.7,17.5,100.0,112.2,113.2,,,12.0,19.0,0.667,5.0,9.0,1.0,4.0,5.0,1.0,2.0,12.0,12.0,7.0,2.0,2.0,5.0,5.0,26.0,13.0,1.0,1.0,0.875,0.667,18.4,49.8,31.5,33.9,5.3,10.2,34.0,29.5,148.0,121.0,PHO,114,1,2024,2023-10-31,True
240.0,240.0,42.0,83.0,0.506,18.0,39.0,0.462,12.0,15.0,0.8,6.0,37.0,43.0,29.0,8.0,7.0,19.0,18.0,114.0,,0.636,0.614,0.47,0.181,17.1,82.2,53.8,69.0,7.9,12.7,17.5,100.0,112.2,113.2,,,12.0,19.0,0.667,5.0,9.0,1.0,4.0,5.0,1.0,2.0,12.0,12.0,7.0,2.0,2.0,5.0,5.0,26.0,13.0,1.0,1.0,0.875,0.667,18.4,49.8,31.5,33.9,5.3,10.2,34.0,29.5,148.0,121.0,PHO,114,1,0,240.0,240.0,43.0,92.0,0.467,14.0,37.0,0.378,15.0,20.0,0.75,8.0,29.0,37.0,25.0,10.0,9.0,12.0,17.0,115.0,,0.57,0.543,0.402,0.217,17.8,82.9,46.3,58.1,9.8,20.5,10.6,100.0,113.2,112.2,,,10.0,20.0,0.75,4.0,9.0,1.0,4.0,5.0,1.0,3.0,6.0,8.0,5.0,3.0,4.0,5.0,5.0,27.0,13.0,1.0,1.0,1.0,1.0,11.3,27.2,17.0,21.5,5.3,15.5,33.3,37.9,190.0,123.0,SAS,115,0,2024,2023-10-31,False
240.0,240.0,48.0,87.0,0.552,14.0,32.0,0.438,12.0,14.0,0.857,7.0,32.0,39.0,32.0,14.0,3.0,19.0,24.0,122.0,,0.655,0.632,0.368,0.161,18.4,76.2,48.8,66.7,13.3,5.6,16.9,100.0,116.2,108.6,,,14.0,19.0,0.8,7.0,10.0,0.7,6.0,6.0,1.0,3.0,9.0,12.0,12.0,3.0,2.0,4.0,4.0,41.0,11.0,1.0,1.0,0.8,0.5,13.4,36.5,25.5,42.6,6.5,6.6,29.1,31.5,150.0,115.0,GSW,122,0,1,240.0,240.0,41.0,94.0,0.436,12.0,40.0,0.3,20.0,29.0,0.69,10.0,31.0,41.0,24.0,10.0,3.0,14.0,16.0,114.0,,0.534,0.5,0.426,0.309,23.8,81.6,51.3,58.5,9.5,5.5,11.6,100.0,108.6,116.2,,,14.0,28.0,0.8,5.0,11.0,0.556,6.0,7.0,1.0,4.0,14.0,18.0,7.0,3.0,1.0,4.0,6.0,39.0,2.0,0.833,0.9,1.0,1.0,18.8,49.4,30.2,45.0,4.2,5.6,50.0,33.6,154.0,124.0,SAC,114,1,2024,2023-10-27,True
240.0,240.0,41.0,94.0,0.436,12.0,40.0,0.3,20.0,29.0,0.69,10.0,31.0,41.0,24.0,10.0,3.0,14.0,16.0,114.0,,0.534,0.5,0.426,0.309,23.8,81.6,51.3,58.5,9.5,5.5,11.6,100.0,108.6,116.2,,,14.0,28.0,0.8,5.0,11.0,0.556,6.0,7.0,1.0,4.0,14.0,18.0,7.0,3.0,1.0,4.0,6.0,39.0,2.0,0.833,0.9,1.0,1.0,18.8,49.4,30.2,45.0,4.2,5.6,50.0,33.6,154.0,124.0,SAC,114,1,0,240.0,240.0,48.0,87.0,0.552,14.0,32.0,0.438,12.0,14.0,0.857,7.0,32.0,39.0,32.0,14.0,3.0,19.0,24.0,122.0,,0.655,0.632,0.368,0.161,18.4,76.2,48.8,66.7,13.3,5.6,16.9,100.0,116.2,108.6,,,14.0,19.0,0.8,7.0,10.0,0.7,6.0,6.0,1.0,3.0,9.0,12.0,12.0,3.0,2.0,4.0,4.0,41.0,11.0,1.0,1.0,0.8,0.5,13.4,36.5,25.5,42.6,6.5,6.6,29.1,31.5,150.0,115.0,GSW,122,0,2024,2023-10-27,False
240.0,240.0,41.0,90.0,0.456,10.0,29.0,0.345,15.0,20.0,0.75,13.0,31.0,44.0,23.0,5.0,4.0,11.0,18.0,107.0,,0.541,0.511,0.322,0.222,28.3,77.5,51.2,56.1,5.2,7.0,10.0,100.0,112.3,124.8,,,10.0,17.0,0.75,4.0,6.0,0.667,5.0,7.0,1.0,4.0,7.0,8.0,7.0,2.0,2.0,3.0,3.0,21.0,7.0,1.014,1.0,0.75,0.636,14.2,29.0,15.4,33.9,3.2,4.9,20.0,29.8,175.0,131.0,LAL,107,0,1,240.0,240.0,48.0,91.0,0.527,14.0,34.0,0.412,9.0,12.0,0.75,9.0,33.0,42.0,29.0,9.0,6.0,11.0,15.0,119.0,,0.618,0.604,0.374,0.132,22.5,71.7,48.8,60.4,9.4,9.8,10.3,100.0,124.8,112.3,,,12.0,22.0,1.0,3.0,9.0,0.667,2.0,4.0,1.0,3.0,10.0,13.0,11.0,3.0,1.0,3.0,5.0,29.0,15.0,1.0,1.0,1.0,0.667,9.9,34.6,22.2,45.3,4.2,7.3,25.0,62.4,200.0,123.0,DEN,119,1,2024,2023-10-24,False
240.0,240.0,48.0,91.0,0.527,14.0,34.0,0.412,9.0,12.0,0.75,9.0,33.0,42.0,29.0,9.0,6.0,11.0,15.0,119.0,,0.618,0.604,0.374,0.132,22.5,71.7,48.8,60.4,9.4,9.8,10.3,100.0,124.8,112.3,,,12.0,22.0,1.0,3.0,9.0,0.667,2.0,4.0,1.0,3.0,10.0,13.0,11.0,3.0,1.0,3.0,5.0,29.0,15.0,1.0,1.0,1.0,0.667,9.9,34.6,22.2,45.3,4.2,7.3,25.0,62.4,200.0,123.0,DEN,119,1,0,240.0,240.0,41.0,90.0,0.456,10.0,29.0,0.345,15.0,20.0,0.75,13.0,31.0,44.0,23.0,5.0,4.0,11.0,18.0,107.0,,0.541,0.511,0.322,0.222,28.3,77.5,51.2,56.1,5.2,7.0,10.0,100.0,112.3,124.8,,,10.0,17.0,0.75,4.0,6.0,0.667,5.0,7.0,1.0,4.0,7.0,8.0,7.0,2.0,2.0,3.0,3.0,21.0,7.0,1.014,1.0,0.75,0.636,14.2,29.0,15.4,33.9,3.2,4.9,20.0,29.8,175.0,131.0,LAL,107,0,2024,2023-10-24,True
240.0,240.0,40.0,85.0,0.471,14.0,32.0,0.438,17.0,22.0,0.773,11.0,41.0,52.0,22.0,8.0,5.0,21.0,21.0,111.0,,0.586,0.553,0.376,0.259,27.5,83.7,58.4,55.0,7.8,10.4,18.2,100.0,108.7,101.8,,,9.0,18.0,0.571,6.0,11.0,0.667,5.0,7.0,1.0,4.0,12.0,12.0,6.0,2.0,1.0,5.0,4.0,24.0,20.0,0.761,0.75,1.0,0.625,15.1,46.0,28.9,29.9,5.0,9.2,50.0,30.2,178.0,111.0,NOP,111,0,1,240.0,240.0,38.0,91.0,0.418,12.0,43.0,0.279,16.0,20.0,0.8,8.0,29.0,37.0,23.0,8.0,7.0,13.0,19.0,104.0,,0.521,0.484,0.473,0.22,16.3,72.5,41.6,60.5,7.8,13.2,11.5,100.0,101.8,108.7,,,11.0,22.0,0.571,5.0,10.0,0.5,4.0,6.0,1.0,4.0,8.0,12.0,5.0,3.0,5.0,5.0,5.0,31.0,6.0,0.643,0.643,1.0,0.6,11.6,28.5,19.2,31.3,4.2,12.7,26.8,30.9,120.0,116.0,MEM,104,1,2024,2023-10-25,True
240.0,240.0,38.0,91.0,0.418,12.0,43.0,0.279,16.0,20.0,0.8,8.0,29.0,37.0,23.0,8.0,7.0,13.0,19.0,104.0,,0.521,0.484,0.473,0.22,16.3,72.5,41.6,60.5,7.8,13.2,11.5,100.0,101.8,108.7,,,11.0,22.0,0.571,5.0,10.0,0.5,4.0,6.0,1.0,4.0,8.0,12.0,5.0,3.0,5.0,5.0,5.0,31.0,6.0,0.643,0.643,1.0,0.6,11.6,28.5,19.2,31.3,4.2,12.7,26.8,30.9,120.0,116.0,MEM,104,1,0,240.0,240.0,40.0,85.0,0.471,14.0,32.0,0.438,17.0,22.0,0.773,11.0,41.0,52.0,22.0,8.0,5.0,21.0,21.0,111.0,,0.586,0.553,0.376,0.259,27.5,83.7,58.4,55.0,7.8,10.4,18.2,100.0,108.7,101.8,,,9.0,18.0,0.571,6.0,11.0,0.667,5.0,7.0,1.0,4.0,12.0,12.0,6.0,2.0,1.0,5.0,4.0,24.0,20.0,0.761,0.75,1.0,0.625,15.1,46.0,28.9,29.9,5.0,9.2,50.0,30.2,178.0,111.0,NOP,111,0,2024,2023-10-25,False
240.0,240.0,34.0,100.0,0.34,8.0,31.0,0.258,18.0,22.0,0.818,16.0,46.0,62.0,20.0,8.0,9.0,14.0,14.0,94.0,,0.429,0.38,0.31,0.22,29.1,85.2,56.9,58.8,7.8,16.4,11.3,100.0,92.1,95.1,,,8.0,27.0,0.5,4.0,10.0,0.571,6.0,6.0,1.0,5.0,9.0,14.0,5.0,2.0,4.0,4.0,4.0,26.0,15.0,0.557,0.5,0.8,0.5,13.6,22.2,17.9,28.4,4.4,10.9,25.4,32.1,117.0,103.0,MIN,94,0,1,240.0,240.0,36.0,90.0,0.4,14.0,35.0,0.4,11.0,16.0,0.688,8.0,39.0,47.0,27.0,9.0,11.0,14.0,18.0,97.0,,0.5,0.478,0.389,0.178,14.8,70.9,43.1,75.0,8.8,15.9,12.6,100.0,95.1,92.1,,,8.0,17.0,1.0,4.0,9.0,1.0,4.0,6.0,1.0,3.0,8.0,11.0,7.0,2.0,5.0,4.0,4.0,22.0,10.0,0.735,1.0,1.0,1.333,11.2,29.4,20.4,63.0,4.9,9.4,40.0,26.4,158.0,106.0,TOR,97,1,2024,2023-10-25,False
240.0,240.0,36.0,90.0,0.4,14.0,35.0,0.4,11.0,16.0,0.688,8.0,39.0,47.0,27.0,9.0,11.0,14.0,18.0,97.0,,0.5,0.478,0.389,0.178,14.8,70.9,43.1,75.0,8.8,15.9,12.6,100.0,95.1,92.1,,,8.0,17.0,1.0,4.0,9.0,1.0,4.0,6.0,1.0,3.0,8.0,11.0,7.0,2.0,5.0,4.0,4.0,22.0,10.0,0.735,1.0,1.0,1.333,11.2,29.4,20.4,63.0,4.9,9.4,40.0,26.4,158.0,106.0,TOR,97,1,0,240.0,240.0,34.0,100.0,0.34,8.0,31.0,0.258,18.0,22.0,0.818,16.0,46.0,62.0,20.0,8.0,9.0,14.0,14.0,94.0,,0.429,0.38,0.31,0.22,29.1,85.2,56.9,58.8,7.8,16.4,11.3,100.0,92.1,95.1,,,8.0,27.0,0.5,4.0,10.0,0.571,6.0,6.0,1.0,5.0,9.0,14.0,5.0,2.0,4.0,4.0,4.0,26.0,15.0,0.557,0.5,0.8,0.5,13.6,22.2,17.9,28.4,4.4,10.9,25.4,32.1,117.0,103.0,MIN,94,0,2024,2023-10-25,True
240.0,240.0,39.0,91.0,0.429,19.0,47.0,0.404,9.0,9.0,1.0,6.0,39.0,45.0,27.0,7.0,8.0,16.0,21.0,106.0,,0.558,0.533,0.516,0.099,15.0,78.0,50.0,69.2,6.9,17.0,14.4,100.0,104.7,111.6,,,10.0,20.0,0.625,4.0,12.0,1.0,6.0,6.0,1.0,3.0,10.0,10.0,6.0,2.0,2.0,5.0,4.0,26.0,9.0,0.829,0.813,0.857,0.5,16.4,28.4,21.9,41.7,4.3,9.3,50.0,32.9,140.0,122.0,MEM,106,0,1,240.0,240.0,40.0,93.0,0.43,16.0,46.0,0.348,17.0,22.0,0.773,11.0,34.0,45.0,24.0,9.0,5.0,11.0,15.0,113.0,,0.55,0.516,0.495,0.237,22.0,85.0,50.0,60.0,8.9,11.4,9.7,100.0,111.6,104.7,,,9.0,23.0,1.0,5.0,12.0,0.667,7.0,9.0,1.0,4.0,10.0,13.0,7.0,2.0,2.0,5.0,2.0,27.0,13.0,1.0,1.0,0.714,1.5,13.6,33.5,20.7,41.1,6.2,7.7,33.3,37.7,216.0,112.0,WAS,113,1,2024,2023-10-28,False
240.0,240.0,40.0,93.0,0.43,16.0,46.0,0.348,17.0,22.0,0.773,11.0,34.0,45.0,24.0,9.0,5.0,11.0,15.0,113.0,,0.55,0.516,0.495,0.237,22.0,85.0,50.0,60.0,8.9,11.4,9.7,100.0,111.6,104.7,,,9.0,23.0,1.0,5.0,12.0,0.667,7.0,9.0,1.0,4.0,10.0,13.0,7.0,2.0,2.0,5.0,2.0,27.0,13.0,1.0,1.0,0.714,1.5,13.6,33.5,20.7,41.1,6.2,7.7,33.3,37.7,216.0,112.0,WAS,113,1,0,240.0,240.0,39.0,91.0,0.429,19.0,47.0,0.404,9.0,9.0,1.0,6.0,39.0,45.0,27.0,7.0,8.0,16.0,21.0,106.0,,0.558,0.533,0.516,0.099,15.0,78.0,50.0,69.2,6.9,17.0,14.4,100.0,104.7,111.6,,,10.0,20.0,0.625,4.0,12.0,1.0,6.0,6.0,1.0,3.0,10.0,10.0,6.0,2.0,2.0,5.0,4.0,26.0,9.0,0.829,0.813,0.857,0.5,16.4,28.4,21.9,41.7,4.3,9.3,50.0,32.9,140.0,122.0,MEM,106,0,2024,2023-10-28,True
240.0,240.0,44.0,94.0,0.468,17.0,43.0,0.395,9.0,10.0,0.9,9.0,29.0,38.0,25.0,10.0,6.0,10.0,23.0,114.0,,0.579,0.559,0.457,0.106,19.6,69.0,43.2,56.8,10.3,10.5,9.2,100.0,116.9,115.9,,,11.0,21.0,1.0,7.0,13.0,0.538,4.0,5.0,1.0,3.0,12.0,12.0,6.0,4.0,2.0,6.0,5.0,27.0,13.0,1.0,1.0,1.0,0.5,10.6,35.2,16.8,27.6,5.5,5.0,50.0,26.6,200.0,125.0,CLE,114,0,1,240.0,240.0,42.0,84.0,0.5,9.0,27.0,0.333,20.0,26.0,0.769,13.0,37.0,50.0,30.0,6.0,6.0,17.0,16.0,113.0,,0.592,0.554,0.321,0.31,31.0,80.4,56.8,71.4,6.2,11.8,15.1,100.0,115.9,116.9,,,13.0,21.0,0.8,2.0,6.0,0.667,8.0,11.0,1.0,4.0,9.0,10.0,9.0,3.0,3.0,3.0,4.0,36.0,8.0,1.0,1.0,1.0,0.75,16.2,40.9,23.7,49.7,4.2,15.8,50.0,45.6,154.0,125.0,BRK,113,1,2024,2023-10-25,True
240.0,240.0,42.0,84.0,0.5,9.0,27.0,0.333,20.0,26.0,0.769,13.0,37.0,50.0,30.0,6.0,6.0,17.0,16.0,113.0,,0.592,0.554,0.321,0.31,31.0,80.4,56.8,71.4,6.2,11.8,15.1,100.0,115.9,116.9,,,13.0,21.0,0.8,2.0,6.0,0.667,8.0,11.0,1.0,4.0,9.0,10.0,9.0,3.0,3.0,3.0,4.0,36.0,8.0,1.0,1.0,1.0,0.75,16.2,40.9,23.7,49.7,4.2,15.8,50.0,45.6,154.0,125.0,BRK,113,1,0,240.0,240.0,44.0,94.0,0.468,17.0,43.0,0.395,9.0,10.0,0.9,9.0,29.0,38.0,25.0,10.0,6.0,10.0,23.0,114.0,,0.579,0.559,0.457,0.106,19.6,69.0,43.2,56.8,10.3,10.5,9.2,100.0,116.9,115.9,,,11.0,21.0,1.0,7.0,13.0,0.538,4.0,5.0,1.0,3.0,12.0,12.0,6.0,4.0,2.0,6.0,5.0,27.0,13.0,1.0,1.0,1.0,0.5,10.6,35.2,16.8,27.6,5.5,5.0,50.0,26.6,200.0,125.0,CLE,114,0,2024,2023-10-25,False
240.0,240.0,45.0,82.0,0.549,19.0,39.0,0.487,15.0,18.0,0.833,5.0,38.0,43.0,30.0,6.0,4.0,15.0,19.0,124.0,,0.69,0.665,0.476,0.22,14.7,74.5,50.6,66.7,6.1,7.7,14.3,100.0,126.2,105.8,,,12.0,18.0,1.0,3.0,6.0,1.0,5.0,5.0,1.0,1.0,7.0,7.0,10.0,2.0,2.0,3.0,3.0,31.0,19.0,1.3,1.3,1.0,2.0,13.4,99.1,59.4,56.1,3.0,5.1,34.7,26.9,242.0,116.0,OKC,124,0,1,240.0,240.0,39.0,94.0,0.415,12.0,42.0,0.286,14.0,18.0,0.778,13.0,29.0,42.0,26.0,10.0,3.0,12.0,16.0,104.0,,0.51,0.479,0.447,0.191,25.5,85.3,49.4,66.7,10.2,7.0,10.5,100.0,105.8,126.2,,,9.0,20.0,0.75,3.0,9.0,0.75,6.0,6.0,1.0,4.0,8.0,9.0,4.0,3.0,2.0,4.0,3.0,20.0,3.0,0.917,0.917,1.0,0.429,17.7,77.0,30.8,33.6,5.3,7.0,32.2,38.6,155.0,134.0,CHI,104,1,2024,2023-10-25,True
240.0,240.0,39.0,94.0,0.415,12.0,42.0,0.286,14.0,18.0,0.778,13.0,29.0,42.0,26.0,10.0,3.0,12.0,16.0,104.0,,0.51,0.479,0.447,0.191,25.5,85.3,49.4,66.7,10.2,7.0,10.5,100.0,105.8,126.2,,,9.0,20.0,0.75,3.0,9.0,0.75,6.0,6.0,1.0,4.0,8.0,9.0,4.0,3.0,2.0,4.0,3.0,20.0,3.0,0.917,0.917,1.0,0.429,17.7,77.0,30.8,33.6,5.3,7.0,32.2,38.6,155.0,134.0,CHI,104,1,0,240.0,240.0,45.0,82.0,0.549,19.0,39.0,0.487,15.0,18.0,0.833,5.0,38.0,43.0,30.0,6.0,4.0,15.0,19.0,124.0,,0.69,0.665,0.476,0.22,14.7,74.5,50.6,66.7,6.1,7.7,14.3,100.0,126.2,105.8,,,12.0,18.0,1.0,3.0,6.0,1.0,5.0,5.0,1.0,1.0,7.0,7.0,10.0,2.0,2.0,3.0,3.0,31.0,19.0,1.3,1.3,1.0,2.0,13.4,99.1,59.4,56.1,3.0,5.1,34.7,26.9,242.0,116.0,OKC,124,0,2024,2023-10-25,False
240.0,240.0,34.0,81.0,0.42,9.0,31.0,0.29,18.0,23.0,0.783,10.0,39.0,49.0,16.0,7.0,3.0,20.0,21.0,95.0,,0.521,0.475,0.383,0.284,22.7,83.0,53.8,47.1,6.9,5.5,18.0,100.0,94.2,99.2,,,14.0,28.0,0.6,2.0,8.0,1.0,10.0,13.0,1.0,4.0,11.0,11.0,4.0,3.0,1.0,8.0,5.0,39.0,18.0,0.85,0.8,1.0,1.0,13.4,28.5,16.9,18.0,5.1,6.6,50.0,45.8,163.0,105.0,PHO,95,0,1,240.0,240.0,36.0,84.0,0.429,5.0,29.0,0.172,23.0,29.0,0.793,8.0,34.0,42.0,24.0,14.0,7.0,16.0,23.0,100.0,,0.517,0.458,0.345,0.345,17.0,77.3,46.2,66.7,13.9,14.0,14.2,100.0,99.2,94.2,,,10.0,17.0,0.667,1.0,7.0,0.5,9.0,10.0,1.0,3.0,9.0,12.0,9.0,3.0,3.0,5.0,5.0,30.0,23.0,0.902,0.833,0.667,0.667,9.5,40.8,24.6,46.8,8.0,7.7,100.0,27.4,133.0,104.0,LAL,100,1,2024,2023-10-26,False
240.0,240.0,36.0,84.0,0.429,5.0,29.0,0.172,23.0,29.0,0.793,8.0,34.0,42.0,24.0,14.0,7.0,16.0,23.0,100.0,,0.517,0.458,0.345,0.345,17.0,77.3,46.2,66.7,13.9,14.0,14.2,100.0,99.2,94.2,,,10.0,17.0,0.667,1.0,7.0,0.5,9.0,10.0,1.0,3.0,9.0,12.0,9.0,3.0,3.0,5.0,5.0,30.0,23.0,0.902,0.833,0.667,0.667,9.5,40.8,24.6,46.8,8.0,7.7,100.0,27.4,133.0,104.0,LAL,100,1,0,240.0,240.0,34.0,81.0,0.42,9.0,31.0,0.29,18.0,23.0,0.783,10.0,39.0,49.0,16.0,7.0,3.0,20.0,21.0,95.0,,0.521,0.475,0.383,0.284,22.7,83.0,53.8,47.1,6.9,5.5,18.0,100.0,94.2,99.2,,,14.0,28.0,0.6,2.0,8.0,1.0,10.0,13.0,1.0,4.0,11.0,11.0,4.0,3.0,1.0,8.0,5.0,39.0,18.0,0.85,0.8,1.0,1.0,13.4,28.5,16.9,18.0,5.1,6.6,50.0,45.8,163.0,105.0,PHO,95,0,2024,2023-10-26,True
240.0,240.0,36.0,79.0,0.456,9.0,28.0,0.321,21.0,32.0,0.656,10.0,35.0,45.0,22.0,10.0,5.0,14.0,16.0,102.0,,0.548,0.513,0.354,0.405,23.8,70.0,48.9,61.1,10.5,8.9,13.1,100.0,107.2,102.0,,,8.0,16.0,1.0,3.0,9.0,1.0,8.0,9.0,1.0,4.0,7.0,9.0,6.0,4.0,2.0,3.0,3.0,23.0,11.0,1.007,1.063,1.0,0.75,20.9,25.8,21.4,41.0,7.5,6.4,50.0,29.7,171.0,113.0,ORL,102,0,1,240.0,240.0,35.0,88.0,0.398,9.0,32.0,0.281,18.0,21.0,0.857,15.0,32.0,47.0,15.0,6.0,1.0,16.0,24.0,97.0,,0.499,0.449,0.364,0.239,30.0,76.2,51.1,42.9,6.3,2.0,14.1,100.0,102.0,107.2,,,9.0,23.0,0.778,4.0,11.0,0.5,6.0,7.0,1.0,4.0,11.0,15.0,3.0,2.0,1.0,5.0,5.0,24.0,6.0,0.945,0.833,1.0,1.333,12.6,41.3,25.7,22.3,3.0,5.6,29.4,28.8,203.0,115.0,POR,97,1,2024,2023-10-27,True
240.0,240.0,35.0,88.0,0.398,9.0,32.0,0.281,18.0,21.0,0.857,15.0,32.0,47.0,15.0,6.0,1.0,16.0,24.0,97.0,,0.499,0.449,0.364,0.239,30.0,76.2,51.1,42.9,6.3,2.0,14.1,100.0,102.0,107.2,,,9.0,23.0,0.778,4.0,11.0,0.5,6.0,7.0,1.0,4.0,11.0,15.0,3.0,2.0,1.0,5.0,5.0,24.0,6.0,0.945,0.833,1.0,1.333,12.6,41.3,25.7,22.3,3.0,5.6,29.4,28.8,203.0,115.0,POR,97,1,0,240.0,240.0,36.0,79.0,0.456,9.0,28.0,0.321,21.0,32.0,0.656,10.0,35.0,45.0,22.0,10.0,5.0,14.0,16.0,102.0,,0.548,0.513,0.354,0.405,23.8,70.0,48.9,61.1,10.5,8.9,13.1,100.0,107.2,102.0,,,8.0,16.0,1.0,3.0,9.0,1.0,8.0,9.0,1.0,4.0,7.0,9.0,6.0,4.0,2.0,3.0,3.0,23.0,11.0,1.007,1.063,1.0,0.75,20.9,25.8,21.4,41.0,7.5,6.4,50.0,29.7,171.0,113.0,ORL,102,0,2024,2023-10-27,False
240.0,240.0,49.0,87.0,0.563,12.0,33.0,0.364,23.0,32.0,0.719,10.0,36.0,46.0,25.0,4.0,8.0,13.0,19.0,133.0,,0.658,0.632,0.379,0.368,24.4,81.8,54.1,51.0,3.9,12.3,11.4,100.0,128.9,117.3,,,10.0,17.0,0.833,4.0,9.0,0.444,12.0,14.0,1.0,4.0,7.0,10.0,8.0,1.0,2.0,5.0,5.0,33.0,14.0,0.838,0.833,0.75,0.824,45.6,42.5,44.0,26.9,3.3,7.2,25.9,42.3,153.0,123.0,BRK,133,0,1,240.0,240.0,47.0,96.0,0.49,8.0,31.0,0.258,19.0,20.0,0.95,8.0,31.0,39.0,33.0,8.0,5.0,9.0,23.0,121.0,,0.577,0.531,0.323,0.208,18.2,75.6,45.9,70.2,7.8,9.3,7.9,100.0,117.3,128.9,,,10.0,19.0,1.0,2.0,6.0,1.0,6.0,6.0,1.0,4.0,9.0,12.0,9.0,2.0,2.0,3.0,6.0,23.0,-1.0,1.064,1.0,0.667,2.0,12.1,30.3,19.2,43.7,4.6,14.1,34.7,30.8,177.0,134.0,CHO,121,1,2024,2023-10-30,True
240.0,240.0,47.0,96.0,0.49,8.0,31.0,0.258,19.0,20.0,0.95,8.0,31.0,39.0,33.0,8.0,5.0,9.0,23.0,121.0,,0.577,0.531,0.323,0.208,18.2,75.6,45.9,70.2,7.8,9.3,7.9,100.0,117.3,128.9,,,10.0,19.0,1.0,2.0,6.0,1.0,6.0,6.0,1.0,4.0,9.0,12.0,9.0,2.0,2.0,3.0,6.0,23.0,-1.0,1.064,1.0,0.667,2.0,12.1,30.3,19.2,43.7,4.6,14.1,34.7,30.8,177.0,134.0,CHO,121,1,0,240.0,240.0,49.0,87.0,0.563,12.0,33.0,0.364,23.0,32.0,0.719,10.0,36.0,46.0,25.0,4.0,8.0,13.0,19.0,133.0,,0.658,0.632,0.379,0.368,24.4,81.8,54.1,51.0,3.9,12.3,11.4,100.0,128.9,117.3,,,10.0,17.0,0.833,4.0,9.0,0.444,12.0,14.0,1.0,4.0,7.0,10.0,8.0,1.0,2.0,5.0,5.0,33.0,14.0,0.838,0.833,0.75,0.824,45.6,42.5,44.0,26.9,3.3,7.2,25.9,42.3,153.0,123.0,BRK,133,0,2024,2023-10-30,False
265.0,265.0,43.0,98.0,0.439,15.0,45.0,0.333,26.0,34.0,0.765,8.0,45.0,53.0,27.0,4.0,4.0,12.0,22.0,127.0,,0.562,0.515,0.459,0.347,16.3,88.2,53.0,62.8,3.5,7.1,9.6,100.0,110.1,114.5,,,11.0,22.0,1.0,5.0,13.0,1.0,7.0,8.0,1.0,6.0,15.0,16.0,9.0,2.0,3.0,8.0,5.0,30.0,12.0,1.273,1.333,0.765,2.0,15.6,39.9,20.3,38.6,2.2,6.8,27.0,32.2,257.0,118.0,LAL,127,0,1,265.0,265.0,49.0,104.0,0.471,17.0,48.0,0.354,17.0,24.0,0.708,6.0,41.0,47.0,30.0,6.0,7.0,10.0,28.0,132.0,,0.576,0.553,0.462,0.231,11.8,83.7,47.0,61.2,5.2,13.2,8.0,100.0,114.5,110.1,,,14.0,24.0,1.0,4.0,9.0,1.0,6.0,8.0,1.0,3.0,14.0,15.0,8.0,2.0,2.0,3.0,6.0,37.0,15.0,1.0,1.0,0.643,0.375,9.4,44.5,23.4,45.3,3.3,6.5,33.3,37.9,134.0,119.0,SAC,132,1,2024,2023-10-29,False
265.0,265.0,49.0,104.0,0.471,17.0,48.0,0.354,17.0,24.0,0.708,6.0,41.0,47.0,30.0,6.0,7.0,10.0,28.0,132.0,,0.576,0.553,0.462,0.231,11.8,83.7,47.0,61.2,5.2,13.2,8.0,100.0,114.5,110.1,,,14.0,24.0,1.0,4.0,9.0,1.0,6.0,8.0,1.0,3.0,14.0,15.0,8.0,2.0,2.0,3.0,6.0,37.0,15.0,1.0,1.0,0.643,0.375,9.4,44.5,23.4,45.3,3.3,6.5,33.3,37.9,134.0,119.0,SAC,132,1,0,265.0,265.0,43.0,98.0,0.439,15.0,45.0,0.333,26.0,34.0,0.765,8.0,45.0,53.0,27.0,4.0,4.0,12.0,22.0,127.0,,0.562,0.515,0.459,0.347,16.3,88.2,53.0,62.8,3.5,7.1,9.6,100.0,110.1,114.5,,,11.0,22.0,1.0,5.0,13.0,1.0,7.0,8.0,1.0,6.0,15.0,16.0,9.0,2.0,3.0,8.0,5.0,30.0,12.0,1.273,1.333,0.765,2.0,15.6,39.9,20.3,38.6,2.2,6.8,27.0,32.2,257.0,118.0,LAL,127,0,2024,2023-10-29,True
240.0,240.0,40.0,87.0,0.46,6.0,17.0,0.353,26.0,31.0,0.839,10.0,34.0,44.0,19.0,8.0,6.0,13.0,17.0,112.0,,0.556,0.494,0.195,0.356,21.7,75.6,48.4,47.5,7.9,14.3,11.4,100.0,110.4,103.5,,,10.0,19.0,0.714,1.0,6.0,1.0,10.0,11.0,1.0,5.0,12.0,17.0,4.0,2.0,1.0,3.0,4.0,24.0,15.0,0.833,0.833,1.0,0.647,15.2,37.3,26.2,21.2,4.8,11.3,40.0,27.9,122.0,111.0,CHI,112,0,1,240.0,240.0,36.0,88.0,0.409,12.0,46.0,0.261,21.0,25.0,0.84,11.0,36.0,47.0,26.0,7.0,5.0,17.0,24.0,105.0,,0.53,0.477,0.523,0.284,24.4,78.3,51.6,72.2,6.9,7.1,14.7,100.0,103.5,110.4,,,6.0,16.0,0.571,3.0,8.0,0.5,6.0,8.0,1.0,3.0,9.0,11.0,13.0,2.0,2.0,4.0,6.0,20.0,9.0,0.625,0.625,1.0,0.571,16.9,29.6,18.3,61.7,4.5,5.0,36.4,30.6,132.0,116.0,IND,105,1,2024,2023-10-30,True
240.0,240.0,36.0,88.0,0.409,12.0,46.0,0.261,21.0,25.0,0.84,11.0,36.0,47.0,26.0,7.0,5.0,17.0,24.0,105.0,,0.53,0.477,0.523,0.284,24.4,78.3,51.6,72.2,6.9,7.1,14.7,100.0,103.5,110.4,,,6.0,16.0,0.571,3.0,8.0,0.5,6.0,8.0,1.0,3.0,9.0,11.0,13.0,2.0,2.0,4.0,6.0,20.0,9.0,0.625,0.625,1.0,0.571,16.9,29.6,18.3,61.7,4.5,5.0,36.4,30.6,132.0,116.0,IND,105,1,0,240.0,240.0,40.0,87.0,0.46,6.0,17.0,0.353,26.0,31.0,0.839,10.0,34.0,44.0,19.0,8.0,6.0,13.0,17.0,112.0,,0.556,0.494,0.195,0.356,21.7,75.6,48.4,47.5,7.9,14.3,11.4,100.0,110.4,103.5,,,10.0,19.0,0.714,1.0,6.0,1.0,10.0,11.0,1.0,5.0,12.0,17.0,4.0,2.0,1.0,3.0,4.0,24.0,15.0,0.833,0.833,1.0,0.647,15.2,37.3,26.2,21.2,4.8,11.3,40.0,27.9,122.0,111.0,CHI,112,0,2024,2023-10-30,False
240.0,240.0,47.0,102.0,0.461,19.0,51.0,0.373,17.0,20.0,0.85,15.0,30.0,45.0,29.0,6.0,8.0,11.0,25.0,130.0,,0.587,0.554,0.5,0.196,28.3,65.2,45.5,61.7,5.9,12.7,9.0,100.0,128.0,112.2,,,11.0,18.0,1.0,5.0,9.0,0.75,6.0,7.0,1.0,6.0,6.0,12.0,7.0,2.0,2.0,3.0,4.0,33.0,14.0,1.0,1.0,1.0,0.5,16.9,82.4,38.3,37.5,6.1,6.6,25.0,31.1,204.0,123.0,SAC,130,0,1,240.0,240.0,41.0,91.0,0.451,9.0,28.0,0.321,23.0,31.0,0.742,16.0,38.0,54.0,22.0,6.0,2.0,14.0,20.0,114.0,,0.545,0.5,0.308,0.341,34.8,71.7,54.5,53.7,5.9,3.9,11.8,100.0,112.2,128.0,,,8.0,16.0,0.8,2.0,6.0,0.5,6.0,8.0,1.0,4.0,8.0,11.0,6.0,2.0,1.0,4.0,4.0,24.0,2.0,0.8,0.8,0.6,0.778,43.2,37.5,40.1,94.0,6.0,4.3,34.0,33.5,149.0,136.0,UTA,114,1,2024,2023-10-25,True
240.0,240.0,41.0,91.0,0.451,9.0,28.0,0.321,23.0,31.0,0.742,16.0,38.0,54.0,22.0,6.0,2.0,14.0,20.0,114.0,,0.545,0.5,0.308,0.341,34.8,71.7,54.5,53.7,5.9,3.9,11.8,100.0,112.2,128.0,,,8.0,16.0,0.8,2.0,6.0,0.5,6.0,8.0,1.0,4.0,8.0,11.0,6.0,2.0,1.0,4.0,4.0,24.0,2.0,0.8,0.8,0.6,0.778,43.2,37.5,40.1,94.0,6.0,4.3,34.0,33.5,149.0,136.0,UTA,114,1,0,240.0,240.0,47.0,102.0,0.461,19.0,51.0,0.373,17.0,20.0,0.85,15.0,30.0,45.0,29.0,6.0,8.0,11.0,25.0,130.0,,0.587,0.554,0.5,0.196,28.3,65.2,45.5,61.7,5.9,12.7,9.0,100.0,128.0,112.2,,,11.0,18.0,1.0,5.0,9.0,0.75,6.0,7.0,1.0,6.0,6.0,12.0,7.0,2.0,2.0,3.0,4.0,33.0,14.0,1.0,1.0,1.0,0.5,16.9,82.4,38.3,37.5,6.1,6.6,25.0,31.1,204.0,123.0,SAC,130,0,2024,2023-10-25,False
240.0,240.0,32.0,79.0,0.405,12.0,34.0,0.353,10.0,16.0,0.625,7.0,24.0,31.0,19.0,6.0,3.0,18.0,24.0,86.0,,0.5,0.481,0.43,0.203,14.9,58.5,35.2,59.4,6.4,5.7,17.3,100.0,91.8,123.8,,,6.0,13.0,1.0,4.0,7.0,1.0,6.0,7.0,0.857,3.0,6.0,8.0,6.0,1.0,1.0,4.0,6.0,14.0,-2.0,1.5,1.5,1.0,0.7,22.1,24.7,15.3,46.2,4.6,8.1,33.3,32.2,300.0,133.0,HOU,86,0,1,240.0,240.0,42.0,87.0,0.483,9.0,34.0,0.265,23.0,26.0,0.885,17.0,40.0,57.0,19.0,8.0,6.0,14.0,20.0,116.0,,0.589,0.534,0.391,0.299,41.5,85.1,64.8,45.2,8.5,13.3,12.5,100.0,123.8,91.8,,,8.0,12.0,1.0,3.0,7.0,0.5,6.0,7.0,1.0,4.0,7.0,8.0,5.0,3.0,2.0,3.0,4.0,20.0,17.0,1.025,1.0,1.0,2.0,24.4,63.8,34.1,45.5,10.7,44.4,61.5,42.3,212.0,101.0,ORL,116,1,2024,2023-10-25,False
240.0,240.0,42.0,87.0,0.483,9.0,34.0,0.265,23.0,26.0,0.885,17.0,40.0,57.0,19.0,8.0,6.0,14.0,20.0,116.0,,0.589,0.534,0.391,0.299,41.5,85.1,64.8,45.2,8.5,13.3,12.5,100.0,123.8,91.8,,,8.0,12.0,1.0,3.0,7.0,0.5,6.0,7.0,1.0,4.0,7.0,8.0,5.0,3.0,2.0,3.0,4.0,20.0,17.0,1.025,1.0,1.0,2.0,24.4,63.8,34.1,45.5,10.7,44.4,61.5,42.3,212.0,101.0,ORL,116,1,0,240.0,240.0,32.0,79.0,0.405,12.0,34.0,0.353,10.0,16.0,0.625,7.0,24.0,31.0,19.0,6.0,3.0,18.0,24.0,86.0,,0.5,0.481,0.43,0.203,14.9,58.5,35.2,59.4,6.4,5.7,17.3,100.0,91.8,123.8,,,6.0,13.0,1.0,4.0,7.0,1.0,6.0,7.0,0.857,3.0,6.0,8.0,6.0,1.0,1.0,4.0,6.0,14.0,-2.0,1.5,1.5,1.0,0.7,22.1,24.7,15.3,46.2,4.6,8.1,33.3,32.2,300.0,133.0,HOU,86,0,2024,2023-10-25,True
240.0,240.0,40.0,91.0,0.44,12.0,37.0,0.324,12.0,14.0,0.857,15.0,30.0,45.0,26.0,6.0,5.0,18.0,20.0,104.0,,0.535,0.505,0.407,0.154,31.9,81.1,53.6,65.0,6.1,10.4,15.6,100.0,106.0,128.4,,,7.0,13.0,0.8,5.0,8.0,1.0,6.0,6.0,1.0,5.0,5.0,10.0,6.0,2.0,2.0,5.0,4.0,19.0,6.0,0.827,0.813,1.0,0.75,18.2,64.5,37.9,39.5,8.1,15.7,42.9,29.7,153.0,134.0,UTA,104,0,1,240.0,240.0,45.0,85.0,0.529,10.0,37.0,0.27,26.0,28.0,0.929,7.0,32.0,39.0,31.0,10.0,7.0,11.0,19.0,126.0,,0.647,0.588,0.435,0.329,18.9,68.1,46.4,68.9,10.2,13.0,10.2,100.0,128.4,106.0,,,9.0,14.0,1.0,3.0,7.0,0.429,9.0,9.0,1.0,2.0,5.0,7.0,7.0,2.0,2.0,3.0,3.0,26.0,30.0,1.0,1.0,0.7,0.818,13.5,50.8,28.4,70.7,4.8,21.8,100.0,34.3,200.0,116.0,PHO,126,1,2024,2023-10-28,False
240.0,240.0,45.0,85.0,0.529,10.0,37.0,0.27,26.0,28.0,0.929,7.0,32.0,39.0,31.0,10.0,7.0,11.0,19.0,126.0,,0.647,0.588,0.435,0.329,18.9,68.1,46.4,68.9,10.2,13.0,10.2,100.0,128.4,106.0,,,9.0,14.0,1.0,3.0,7.0,0.429,9.0,9.0,1.0,2.0,5.0,7.0,7.0,2.0,2.0,3.0,3.0,26.0,30.0,1.0,1.0,0.7,0.818,13.5,50.8,28.4,70.7,4.8,21.8,100.0,34.3,200.0,116.0,PHO,126,1,0,240.0,240.0,40.0,91.0,0.44,12.0,37.0,0.324,12.0,14.0,0.857,15.0,30.0,45.0,26.0,6.0,5.0,18.0,20.0,104.0,,0.535,0.505,0.407,0.154,31.9,81.1,53.6,65.0,6.1,10.4,15.6,100.0,106.0,128.4,,,7.0,13.0,0.8,5.0,8.0,1.0,6.0,6.0,1.0,5.0,5.0,10.0,6.0,2.0,2.0,5.0,4.0,19.0,6.0,0.827,0.813,1.0,0.75,18.2,64.5,37.9,39.5,8.1,15.7,42.9,29.7,153.0,134.0,UTA,104,0,2024,2023-10-28,True
240.0,240.0,38.0,81.0,0.469,7.0,30.0,0.233,19.0,33.0,0.576,7.0,33.0,40.0,23.0,9.0,3.0,16.0,24.0,102.0,,0.534,0.512,0.37,0.407,16.7,78.6,47.6,60.5,8.7,5.2,14.3,100.0,98.8,114.3,,,6.0,13.0,1.0,2.0,7.0,0.5,5.0,8.0,1.0,2.0,7.0,8.0,4.0,4.0,1.0,3.0,5.0,15.0,5.0,1.0,1.0,1.0,1.0,29.1,29.1,15.4,96.3,5.8,5.8,50.0,59.5,218.0,123.0,ORL,102,0,1,240.0,240.0,44.0,89.0,0.494,14.0,31.0,0.452,16.0,23.0,0.696,9.0,35.0,44.0,29.0,10.0,4.0,16.0,26.0,118.0,,0.595,0.573,0.348,0.258,21.4,83.3,52.4,65.9,9.7,7.8,13.9,100.0,114.3,98.8,,,8.0,17.0,1.0,6.0,9.0,1.0,5.0,7.0,1.0,2.0,7.0,9.0,7.0,5.0,1.0,3.0,4.0,27.0,19.0,1.5,1.5,1.0,0.875,39.2,35.3,22.7,100.0,7.1,4.9,50.0,42.9,300.0,108.0,LAC,118,1,2024,2023-10-31,False
240.0,240.0,44.0,89.0,0.494,14.0,31.0,0.452,16.0,23.0,0.696,9.0,35.0,44.0,29.0,10.0,4.0,16.0,26.0,118.0,,0.595,0.573,0.348,0.258,21.4,83.3,52.4,65.9,9.7,7.8,13.9,100.0,114.3,98.8,,,8.0,17.0,1.0,6.0,9.0,1.0,5.0,7.0,1.0,2.0,7.0,9.0,7.0,5.0,1.0,3.0,4.0,27.0,19.0,1.5,1.5,1.0,0.875,39.2,35.3,22.7,100.0,7.1,4.9,50.0,42.9,300.0,108.0,LAC,118,1,0,240.0,240.0,38.0,81.0,0.469,7.0,30.0,0.233,19.0,33.0,0.576,7.0,33.0,40.0,23.0,9.0,3.0,16.0,24.0,102.0,,0.534,0.512,0.37,0.407,16.7,78.6,47.6,60.5,8.7,5.2,14.3,100.0,98.8,114.3,,,6.0,13.0,1.0,2.0,7.0,0.5,5.0,8.0,1.0,2.0,7.0,8.0,4.0,4.0,1.0,3.0,5.0,15.0,5.0,1.0,1.0,1.0,1.0,29.1,29.1,15.4,96.3,5.8,5.8,50.0,59.5,218.0,123.0,ORL,102,0,2024,2023-10-31,True
240.0,240.0,41.0,92.0,0.446,11.0,32.0,0.344,9.0,15.0,0.6,17.0,39.0,56.0,28.0,3.0,13.0,16.0,23.0,102.0,,0.517,0.505,0.348,0.163,34.7,70.9,53.8,68.3,3.2,18.6,14.0,100.0,108.9,110.0,,,13.0,27.0,1.0,4.0,9.0,0.667,2.0,3.0,1.0,6.0,8.0,14.0,9.0,2.0,5.0,4.0,5.0,30.0,9.0,1.031,1.0,1.0,0.667,18.5,32.4,22.8,51.3,3.4,12.8,26.5,35.1,172.0,121.0,DET,102,0,1,240.0,240.0,37.0,92.0,0.402,8.0,22.0,0.364,21.0,26.0,0.808,16.0,32.0,48.0,22.0,11.0,3.0,7.0,18.0,103.0,,0.498,0.446,0.239,0.283,29.1,65.3,46.2,59.5,11.7,5.0,6.3,100.0,110.0,108.9,,,7.0,24.0,1.0,3.0,7.0,0.6,8.0,10.0,1.0,8.0,8.0,13.0,4.0,3.0,2.0,2.0,5.0,22.0,6.0,1.0,1.0,0.667,1.0,20.3,28.3,17.5,29.4,7.8,5.0,25.0,32.8,151.0,120.0,MIA,103,1,2024,2023-10-25,False
240.0,240.0,37.0,92.0,0.402,8.0,22.0,0.364,21.0,26.0,0.808,16.0,32.0,48.0,22.0,11.0,3.0,7.0,18.0,103.0,,0.498,0.446,0.239,0.283,29.1,65.3,46.2,59.5,11.7,5.0,6.3,100.0,110.0,108.9,,,7.0,24.0,1.0,3.0,7.0,0.6,8.0,10.0,1.0,8.0,8.0,13.0,4.0,3.0,2.0,2.0,5.0,22.0,6.0,1.0,1.0,0.667,1.0,20.3,28.3,17.5,29.4,7.8,5.0,25.0,32.8,151.0,120.0,MIA,103,1,0,240.0,240.0,41.0,92.0,0.446,11.0,32.0,0.344,9.0,15.0,0.6,17.0,39.0,56.0,28.0,3.0,13.0,16.0,23.0,102.0,,0.517,0.505,0.348,0.163,34.7,70.9,53.8,68.3,3.2,18.6,14.0,100.0,108.9,110.0,,,13.0,27.0,1.0,4.0,9.0,0.667,2.0,3.0,1.0,6.0,8.0,14.0,9.0,2.0,5.0,4.0,5.0,30.0,9.0,1.031,1.0,1.0,0.667,18.5,32.4,22.8,51.3,3.4,12.8,26.5,35.1,172.0,121.0,DET,102,0,2024,2023-10-25,True
240.0,240.0,40.0,88.0,0.455,10.0,30.0,0.333,21.0,25.0,0.84,12.0,41.0,53.0,28.0,7.0,6.0,23.0,29.0,111.0,,0.561,0.511,0.341,0.284,28.6,78.8,56.4,70.0,6.6,10.0,18.9,100.0,104.0,92.8,,,8.0,14.0,0.875,3.0,7.0,0.429,11.0,12.0,1.0,6.0,11.0,17.0,6.0,2.0,2.0,5.0,6.0,24.0,28.0,0.875,0.875,1.0,1.2,19.7,29.1,24.9,37.2,4.0,4.6,50.0,33.5,171.0,98.0,DET,111,0,1,240.0,240.0,33.0,88.0,0.375,7.0,28.0,0.25,26.0,34.0,0.765,11.0,30.0,41.0,20.0,13.0,7.0,18.0,23.0,99.0,,0.481,0.415,0.318,0.386,21.2,71.4,43.6,60.6,12.2,12.1,14.9,100.0,92.8,104.0,,,8.0,20.0,0.5,2.0,7.0,0.5,10.0,12.0,1.0,3.0,8.0,9.0,9.0,3.0,2.0,4.0,6.0,20.0,1.0,0.714,0.538,0.412,2.5,8.9,27.0,13.9,48.0,6.4,10.1,51.5,31.5,120.0,111.0,CHO,99,1,2024,2023-10-27,True
240.0,240.0,33.0,88.0,0.375,7.0,28.0,0.25,26.0,34.0,0.765,11.0,30.0,41.0,20.0,13.0,7.0,18.0,23.0,99.0,,0.481,0.415,0.318,0.386,21.2,71.4,43.6,60.6,12.2,12.1,14.9,100.0,92.8,104.0,,,8.0,20.0,0.5,2.0,7.0,0.5,10.0,12.0,1.0,3.0,8.0,9.0,9.0,3.0,2.0,4.0,6.0,20.0,1.0,0.714,0.538,0.412,2.5,8.9,27.0,13.9,48.0,6.4,10.1,51.5,31.5,120.0,111.0,CHO,99,1,0,240.0,240.0,40.0,88.0,0.455,10.0,30.0,0.333,21.0,25.0,0.84,12.0,41.0,53.0,28.0,7.0,6.0,23.0,29.0,111.0,,0.561,0.511,0.341,0.284,28.6,78.8,56.4,70.0,6.6,10.0,18.9,100.0,104.0,92.8,,,8.0,14.0,0.875,3.0,7.0,0.429,11.0,12.0,1.0,6.0,11.0,17.0,6.0,2.0,2.0,5.0,6.0,24.0,28.0,0.875,0.875,1.0,1.2,19.7,29.1,24.9,37.2,4.0,4.6,50.0,33.5,171.0,98.0,DET,111,0,2024,2023-10-27,False
240.0,240.0,51.0,102.0,0.5,19.0,53.0,0.358,5.0,7.0,0.714,15.0,36.0,51.0,31.0,11.0,6.0,17.0,21.0,126.0,,0.6,0.593,0.52,0.069,34.1,76.6,56.0,60.8,10.8,11.8,13.9,100.0,123.8,105.1,,,14.0,24.0,1.0,8.0,13.0,1.0,2.0,4.0,1.0,4.0,6.0,8.0,8.0,3.0,2.0,4.0,3.0,36.0,32.0,1.25,1.25,1.0,0.286,39.5,25.7,19.1,34.7,9.8,7.1,100.0,35.6,174.0,116.0,BOS,126,0,1,240.0,240.0,39.0,87.0,0.448,11.0,36.0,0.306,18.0,26.0,0.692,11.0,29.0,40.0,26.0,12.0,4.0,15.0,13.0,107.0,,0.543,0.511,0.414,0.299,23.4,65.9,44.0,66.7,11.8,8.2,13.2,100.0,105.1,123.8,,,9.0,15.0,1.0,3.0,6.0,1.0,7.0,8.0,1.0,3.0,5.0,7.0,7.0,4.0,2.0,3.0,4.0,21.0,14.0,1.036,1.1,1.0,4.0,25.5,27.3,26.4,42.3,15.7,8.2,33.3,27.3,210.0,135.0,WAS,107,1,2024,2023-10-30,True
240.0,240.0,39.0,87.0,0.448,11.0,36.0,0.306,18.0,26.0,0.692,11.0,29.0,40.0,26.0,12.0,4.0,15.0,13.0,107.0,,0.543,0.511,0.414,0.299,23.4,65.9,44.0,66.7,11.8,8.2,13.2,100.0,105.1,123.8,,,9.0,15.0,1.0,3.0,6.0,1.0,7.0,8.0,1.0,3.0,5.0,7.0,7.0,4.0,2.0,3.0,4.0,21.0,14.0,1.036,1.1,1.0,4.0,25.5,27.3,26.4,42.3,15.7,8.2,33.3,27.3,210.0,135.0,WAS,107,1,0,240.0,240.0,51.0,102.0,0.5,19.0,53.0,0.358,5.0,7.0,0.714,15.0,36.0,51.0,31.0,11.0,6.0,17.0,21.0,126.0,,0.6,0.593,0.52,0.069,34.1,76.6,56.0,60.8,10.8,11.8,13.9,100.0,123.8,105.1,,,14.0,24.0,1.0,8.0,13.0,1.0,2.0,4.0,1.0,4.0,6.0,8.0,8.0,3.0,2.0,4.0,3.0,36.0,32.0,1.25,1.25,1.0,0.286,39.5,25.7,19.1,34.7,9.8,7.1,100.0,35.6,174.0,116.0,BOS,126,0,2024,2023-10-30,False
240.0,240.0,39.0,93.0,0.419,11.0,28.0,0.393,13.0,16.0,0.813,13.0,20.0,33.0,16.0,10.0,5.0,8.0,20.0,102.0,,0.51,0.478,0.301,0.172,25.5,57.1,38.4,41.0,10.9,8.6,7.4,100.0,111.6,129.1,,,19.0,33.0,1.0,7.0,13.0,1.0,6.0,8.0,1.0,3.0,4.0,5.0,4.0,4.0,2.0,4.0,5.0,51.0,4.0,1.5,1.5,1.0,0.538,19.5,20.0,19.3,29.5,10.9,5.7,25.0,48.1,300.0,140.0,CHI,102,0,1,240.0,240.0,45.0,86.0,0.523,12.0,28.0,0.429,16.0,20.0,0.8,15.0,38.0,53.0,29.0,4.0,4.0,15.0,18.0,118.0,,0.622,0.593,0.326,0.233,42.9,74.5,61.6,64.4,4.4,6.2,13.7,100.0,129.1,111.6,,,9.0,19.0,0.818,6.0,10.0,1.0,6.0,7.0,1.0,6.0,9.0,15.0,10.0,1.0,2.0,6.0,4.0,25.0,19.0,0.871,0.818,1.0,0.571,24.8,31.5,28.1,35.5,2.4,4.4,33.3,31.0,181.0,120.0,DET,118,1,2024,2023-10-28,False
240.0,240.0,45.0,86.0,0.523,12.0,28.0,0.429,16.0,20.0,0.8,15.0,38.0,53.0,29.0,4.0,4.0,15.0,18.0,118.0,,0.622,0.593,0.326,0.233,42.9,74.5,61.6,64.4,4.4,6.2,13.7,100.0,129.1,111.6,,,9.0,19.0,0.818,6.0,10.0,1.0,6.0,7.0,1.0,6.0,9.0,15.0,10.0,1.0,2.0,6.0,4.0,25.0,19.0,0.871,0.818,1.0,0.571,24.8,31.5,28.1,35.5,2.4,4.4,33.3,31.0,181.0,120.0,DET,118,1,0,240.0,240.0,39.0,93.0,0.419,11.0,28.0,0.393,13.0,16.0,0.813,13.0,20.0,33.0,16.0,10.0,5.0,8.0,20.0,102.0,,0.51,0.478,0.301,0.172,25.5,57.1,38.4,41.0,10.9,8.6,7.4,100.0,111.6,129.1,,,19.0,33.0,1.0,7.0,13.0,1.0,6.0,8.0,1.0,3.0,4.0,5.0,4.0,4.0,2.0,4.0,5.0,51.0,4.0,1.5,1.5,1.0,0.538,19.5,20.0,19.3,29.5,10.9,5.7,25.0,48.1,300.0,140.0,CHI,102,0,2024,2023-10-28,True
240.0,240.0,39.0,91.0,0.429,15.0,28.0,0.536,19.0,24.0,0.792,13.0,28.0,41.0,31.0,6.0,5.0,16.0,25.0,112.0,,0.551,0.511,0.308,0.264,25.5,82.4,48.2,79.5,5.9,9.3,13.6,100.0,109.7,121.4,,,7.0,15.0,0.75,4.0,7.0,1.0,7.0,8.0,1.0,7.0,7.0,10.0,7.0,1.0,3.0,7.0,5.0,20.0,8.0,0.864,0.75,0.5,2.0,21.5,77.7,31.1,53.3,25.9,8.7,50.0,31.5,188.0,128.0,DET,112,0,1,240.0,240.0,44.0,83.0,0.53,13.0,29.0,0.448,23.0,28.0,0.821,6.0,38.0,44.0,21.0,9.0,10.0,15.0,19.0,124.0,,0.65,0.608,0.349,0.337,17.6,74.5,51.8,47.7,8.8,15.9,13.6,100.0,121.4,109.7,,,11.0,23.0,1.0,4.0,5.0,1.0,9.0,9.0,1.0,3.0,8.0,9.0,6.0,3.0,4.0,5.0,5.0,32.0,17.0,1.19,1.25,1.0,1.5,14.9,35.6,24.0,28.8,4.3,12.7,33.8,71.9,190.0,122.0,OKC,124,1,2024,2023-10-30,False
240.0,240.0,44.0,83.0,0.53,13.0,29.0,0.448,23.0,28.0,0.821,6.0,38.0,44.0,21.0,9.0,10.0,15.0,19.0,124.0,,0.65,0.608,0.349,0.337,17.6,74.5,51.8,47.7,8.8,15.9,13.6,100.0,121.4,109.7,,,11.0,23.0,1.0,4.0,5.0,1.0,9.0,9.0,1.0,3.0,8.0,9.0,6.0,3.0,4.0,5.0,5.0,32.0,17.0,1.19,1.25,1.0,1.5,14.9,35.6,24.0,28.8,4.3,12.7,33.8,71.9,190.0,122.0,OKC,124,1,0,240.0,240.0,39.0,91.0,0.429,15.0,28.0,0.536,19.0,24.0,0.792,13.0,28.0,41.0,31.0,6.0,5.0,16.0,25.0,112.0,,0.551,0.511,0.308,0.264,25.5,82.4,48.2,79.5,5.9,9.3,13.6,100.0,109.7,121.4,,,7.0,15.0,0.75,4.0,7.0,1.0,7.0,8.0,1.0,7.0,7.0,10.0,7.0,1.0,3.0,7.0,5.0,20.0,8.0,0.864,0.75,0.5,2.0,21.5,77.7,31.1,53.3,25.9,8.7,50.0,31.5,188.0,128.0,DET,112,0,2024,2023-10-30,True
240.0,240.0,40.0,87.0,0.46,13.0,26.0,0.5,15.0,19.0,0.789,6.0,41.0,47.0,22.0,8.0,10.0,18.0,17.0,108.0,,0.566,0.534,0.299,0.218,13.0,83.7,49.5,55.0,7.6,21.3,15.9,100.0,102.5,99.6,,,15.0,26.0,1.0,3.0,7.0,1.0,4.0,6.0,1.0,3.0,12.0,13.0,6.0,5.0,7.0,5.0,5.0,34.0,12.0,1.5,1.5,1.0,0.5,8.1,38.1,21.3,26.7,6.3,23.2,100.0,37.5,186.0,110.0,OKC,108,0,1,240.0,240.0,38.0,92.0,0.413,12.0,45.0,0.267,17.0,23.0,0.739,8.0,40.0,48.0,20.0,10.0,8.0,13.0,16.0,105.0,,0.514,0.478,0.489,0.25,16.3,87.0,50.5,52.6,9.5,13.1,11.3,100.0,99.6,102.5,,,15.0,27.0,0.556,4.0,11.0,0.4,9.0,11.0,0.818,4.0,13.0,15.0,5.0,3.0,2.0,5.0,4.0,43.0,8.0,0.675,0.667,0.833,0.5,14.0,40.0,22.4,47.1,3.4,8.0,25.0,36.4,123.0,112.0,CLE,105,1,2024,2023-10-27,True
240.0,240.0,38.0,92.0,0.413,12.0,45.0,0.267,17.0,23.0,0.739,8.0,40.0,48.0,20.0,10.0,8.0,13.0,16.0,105.0,,0.514,0.478,0.489,0.25,16.3,87.0,50.5,52.6,9.5,13.1,11.3,100.0,99.6,102.5,,,15.0,27.0,0.556,4.0,11.0,0.4,9.0,11.0,0.818,4.0,13.0,15.0,5.0,3.0,2.0,5.0,4.0,43.0,8.0,0.675,0.667,0.833,0.5,14.0,40.0,22.4,47.1,3.4,8.0,25.0,36.4,123.0,112.0,CLE,105,1,0,240.0,240.0,40.0,87.0,0.46,13.0,26.0,0.5,15.0,19.0,0.789,6.0,41.0,47.0,22.0,8.0,10.0,18.0,17.0,108.0,,0.566,0.534,0.299,0.218,13.0,83.7,49.5,55.0,7.6,21.3,15.9,100.0,102.5,99.6,,,15.0,26.0,1.0,3.0,7.0,1.0,4.0,6.0,1.0,3.0,12.0,13.0,6.0,5.0,7.0,5.0,5.0,34.0,12.0,1.5,1.5,1.0,0.5,8.1,38.1,21.3,26.7,6.3,23.2,100.0,37.5,186.0,110.0,OKC,108,0,2024,2023-10-27,False
240.0,240.0,38.0,85.0,0.447,11.0,35.0,0.314,12.0,15.0,0.8,13.0,38.0,51.0,20.0,6.0,7.0,14.0,19.0,99.0,,0.54,0.512,0.412,0.176,28.3,73.1,52.0,52.6,6.5,10.8,13.3,100.0,106.6,98.0,,,9.0,21.0,0.75,3.0,8.0,0.75,4.0,4.0,1.0,7.0,16.0,23.0,7.0,2.0,2.0,4.0,6.0,22.0,12.0,1.125,1.125,1.0,0.5,22.8,46.1,35.2,35.0,4.9,4.6,25.4,34.7,222.0,108.0,POR,99,0,1,240.0,240.0,38.0,94.0,0.404,4.0,29.0,0.138,11.0,15.0,0.733,14.0,33.0,47.0,19.0,10.0,4.0,11.0,17.0,91.0,,0.452,0.426,0.309,0.16,26.9,71.7,48.0,50.0,10.8,8.0,9.9,100.0,98.0,106.6,,,9.0,21.0,0.75,2.0,9.0,0.333,3.0,3.0,1.0,5.0,8.0,12.0,8.0,2.0,1.0,4.0,3.0,20.0,1.0,0.751,0.75,1.0,0.5,16.4,25.0,20.2,37.5,5.0,5.7,17.7,28.0,131.0,118.0,TOR,91,1,2024,2023-10-30,True
240.0,240.0,38.0,94.0,0.404,4.0,29.0,0.138,11.0,15.0,0.733,14.0,33.0,47.0,19.0,10.0,4.0,11.0,17.0,91.0,,0.452,0.426,0.309,0.16,26.9,71.7,48.0,50.0,10.8,8.0,9.9,100.0,98.0,106.6,,,9.0,21.0,0.75,2.0,9.0,0.333,3.0,3.0,1.0,5.0,8.0,12.0,8.0,2.0,1.0,4.0,3.0,20.0,1.0,0.751,0.75,1.0,0.5,16.4,25.0,20.2,37.5,5.0,5.7,17.7,28.0,131.0,118.0,TOR,91,1,0,240.0,240.0,38.0,85.0,0.447,11.0,35.0,0.314,12.0,15.0,0.8,13.0,38.0,51.0,20.0,6.0,7.0,14.0,19.0,99.0,,0.54,0.512,0.412,0.176,28.3,73.1,52.0,52.6,6.5,10.8,13.3,100.0,106.6,98.0,,,9.0,21.0,0.75,3.0,8.0,0.75,4.0,4.0,1.0,7.0,16.0,23.0,7.0,2.0,2.0,4.0,6.0,22.0,12.0,1.125,1.125,1.0,0.5,22.8,46.1,35.2,35.0,4.9,4.6,25.4,34.7,222.0,108.0,POR,99,0,2024,2023-10-30,False
240.0,240.0,42.0,84.0,0.5,23.0,47.0,0.489,18.0,24.0,0.75,6.0,42.0,48.0,24.0,4.0,7.0,15.0,17.0,125.0,,0.661,0.637,0.56,0.286,15.0,80.8,52.2,57.1,3.9,12.7,13.7,100.0,122.8,108.1,,,11.0,22.0,0.7,6.0,12.0,0.667,7.0,10.0,1.0,2.0,12.0,12.0,12.0,1.0,4.0,6.0,5.0,35.0,18.0,0.87,0.9,1.0,0.6,19.6,59.1,33.4,50.0,3.2,28.5,100.0,35.5,149.0,115.0,DAL,125,0,1,240.0,240.0,42.0,92.0,0.457,14.0,37.0,0.378,12.0,20.0,0.6,10.0,34.0,44.0,22.0,9.0,4.0,12.0,22.0,110.0,,0.546,0.533,0.402,0.217,19.2,85.0,47.8,52.4,8.8,10.8,10.6,100.0,108.1,122.8,,,12.0,20.0,0.706,5.0,10.0,0.5,7.0,9.0,0.778,2.0,7.0,9.0,9.0,3.0,2.0,6.0,6.0,30.0,4.0,0.8,0.794,1.0,0.5,6.4,24.8,13.8,41.0,4.0,7.6,27.3,67.2,168.0,131.0,MEM,110,1,2024,2023-10-30,True
240.0,240.0,42.0,92.0,0.457,14.0,37.0,0.378,12.0,20.0,0.6,10.0,34.0,44.0,22.0,9.0,4.0,12.0,22.0,110.0,,0.546,0.533,0.402,0.217,19.2,85.0,47.8,52.4,8.8,10.8,10.6,100.0,108.1,122.8,,,12.0,20.0,0.706,5.0,10.0,0.5,7.0,9.0,0.778,2.0,7.0,9.0,9.0,3.0,2.0,6.0,6.0,30.0,4.0,0.8,0.794,1.0,0.5,6.4,24.8,13.8,41.0,4.0,7.6,27.3,67.2,168.0,131.0,MEM,110,1,0,240.0,240.0,42.0,84.0,0.5,23.0,47.0,0.489,18.0,24.0,0.75,6.0,42.0,48.0,24.0,4.0,7.0,15.0,17.0,125.0,,0.661,0.637,0.56,0.286,15.0,80.8,52.2,57.1,3.9,12.7,13.7,100.0,122.8,108.1,,,11.0,22.0,0.7,6.0,12.0,0.667,7.0,10.0,1.0,2.0,12.0,12.0,12.0,1.0,4.0,6.0,5.0,35.0,18.0,0.87,0.9,1.0,0.6,19.6,59.1,33.4,50.0,3.2,28.5,100.0,35.5,149.0,115.0,DAL,125,0,2024,2023-10-30,False
240.0,240.0,42.0,98.0,0.429,11.0,37.0,0.297,7.0,15.0,0.467,17.0,34.0,51.0,30.0,6.0,2.0,12.0,21.0,102.0,,0.488,0.485,0.378,0.153,32.1,82.9,54.3,71.4,6.2,3.6,10.3,100.0,105.8,114.1,,,10.0,24.0,0.909,5.0,13.0,0.667,3.0,4.0,1.0,5.0,10.0,14.0,8.0,3.0,1.0,5.0,4.0,27.0,3.0,0.893,0.909,1.0,2.0,12.0,40.2,22.8,42.5,8.2,2.9,30.6,29.4,144.0,119.0,UTA,102,0,1,240.0,240.0,47.0,84.0,0.56,9.0,28.0,0.321,7.0,17.0,0.412,7.0,36.0,43.0,32.0,4.0,8.0,12.0,14.0,110.0,,0.601,0.613,0.333,0.202,17.1,67.9,45.7,68.1,4.1,13.1,11.6,100.0,114.1,105.8,,,12.0,19.0,1.0,3.0,7.0,0.5,2.0,5.0,0.667,3.0,9.0,10.0,14.0,2.0,2.0,3.0,4.0,27.0,13.0,0.904,1.0,0.8,1.5,10.6,29.1,16.4,48.9,7.8,5.2,28.6,29.8,188.0,110.0,DEN,110,1,2024,2023-10-30,False
240.0,240.0,47.0,84.0,0.56,9.0,28.0,0.321,7.0,17.0,0.412,7.0,36.0,43.0,32.0,4.0,8.0,12.0,14.0,110.0,,0.601,0.613,0.333,0.202,17.1,67.9,45.7,68.1,4.1,13.1,11.6,100.0,114.1,105.8,,,12.0,19.0,1.0,3.0,7.0,0.5,2.0,5.0,0.667,3.0,9.0,10.0,14.0,2.0,2.0,3.0,4.0,27.0,13.0,0.904,1.0,0.8,1.5,10.6,29.1,16.4,48.9,7.8,5.2,28.6,29.8,188.0,110.0,DEN,110,1,0,240.0,240.0,42.0,98.0,0.429,11.0,37.0,0.297,7.0,15.0,0.467,17.0,34.0,51.0,30.0,6.0,2.0,12.0,21.0,102.0,,0.488,0.485,0.378,0.153,32.1,82.9,54.3,71.4,6.2,3.6,10.3,100.0,105.8,114.1,,,10.0,24.0,0.909,5.0,13.0,0.667,3.0,4.0,1.0,5.0,10.0,14.0,8.0,3.0,1.0,5.0,4.0,27.0,3.0,0.893,0.909,1.0,2.0,12.0,40.2,22.8,42.5,8.2,2.9,30.6,29.4,144.0,119.0,UTA,102,0,2024,2023-10-30,True
240.0,240.0,37.0,77.0,0.481,12.0,39.0,0.308,22.0,26.0,0.846,7.0,39.0,46.0,18.0,6.0,11.0,13.0,22.0,108.0,,0.611,0.558,0.506,0.338,18.9,69.6,49.5,48.6,6.4,19.6,12.8,100.0,114.4,110.1,,,13.0,22.0,0.75,5.0,9.0,0.667,9.0,10.0,1.0,3.0,11.0,11.0,5.0,2.0,4.0,4.0,5.0,34.0,13.0,1.0,1.0,1.0,0.667,16.3,24.4,14.7,32.5,3.7,10.7,42.9,35.1,150.0,119.0,BOS,108,0,1,240.0,240.0,36.0,97.0,0.371,18.0,41.0,0.439,14.0,26.0,0.538,17.0,30.0,47.0,24.0,9.0,0.0,9.0,22.0,104.0,,0.48,0.464,0.423,0.268,30.4,81.1,50.5,66.7,9.5,0.0,7.7,100.0,110.1,114.4,,,8.0,22.0,0.75,5.0,8.0,0.714,6.0,7.0,0.857,5.0,7.0,11.0,7.0,3.0,0.0,2.0,5.0,24.0,6.0,0.88,0.864,1.0,0.545,16.7,28.9,16.7,34.1,4.7,0.0,17.0,29.4,157.0,122.0,NYK,104,1,2024,2023-10-25,True
240.0,240.0,36.0,97.0,0.371,18.0,41.0,0.439,14.0,26.0,0.538,17.0,30.0,47.0,24.0,9.0,0.0,9.0,22.0,104.0,,0.48,0.464,0.423,0.268,30.4,81.1,50.5,66.7,9.5,0.0,7.7,100.0,110.1,114.4,,,8.0,22.0,0.75,5.0,8.0,0.714,6.0,7.0,0.857,5.0,7.0,11.0,7.0,3.0,0.0,2.0,5.0,24.0,6.0,0.88,0.864,1.0,0.545,16.7,28.9,16.7,34.1,4.7,0.0,17.0,29.4,157.0,122.0,NYK,104,1,0,240.0,240.0,37.0,77.0,0.481,12.0,39.0,0.308,22.0,26.0,0.846,7.0,39.0,46.0,18.0,6.0,11.0,13.0,22.0,108.0,,0.611,0.558,0.506,0.338,18.9,69.6,49.5,48.6,6.4,19.6,12.8,100.0,114.4,110.1,,,13.0,22.0,0.75,5.0,9.0,0.667,9.0,10.0,1.0,3.0,11.0,11.0,5.0,2.0,4.0,4.0,5.0,34.0,13.0,1.0,1.0,1.0,0.667,16.3,24.4,14.7,32.5,3.7,10.7,42.9,35.1,150.0,119.0,BOS,108,0,2024,2023-10-25,False
240.0,240.0,33.0,90.0,0.367,7.0,37.0,0.189,14.0,18.0,0.778,16.0,43.0,59.0,19.0,7.0,3.0,18.0,17.0,87.0,,0.444,0.406,0.411,0.2,29.1,91.5,57.8,57.6,7.0,5.6,15.5,100.0,87.2,96.2,,,7.0,16.0,1.0,1.0,6.0,1.0,5.0,6.0,1.0,10.0,12.0,15.0,5.0,2.0,2.0,8.0,4.0,18.0,10.0,1.5,1.5,1.0,4.0,30.1,67.8,31.3,80.3,10.6,6.1,33.5,29.3,284.0,101.0,NYK,87,0,1,240.0,240.0,40.0,87.0,0.46,9.0,33.0,0.273,7.0,16.0,0.438,4.0,39.0,43.0,20.0,8.0,5.0,13.0,22.0,96.0,,0.51,0.511,0.379,0.184,8.5,70.9,42.2,50.0,8.0,9.4,12.1,100.0,96.2,87.2,,,12.0,17.0,0.706,3.0,8.0,1.0,3.0,4.0,1.0,2.0,5.0,7.0,7.0,4.0,3.0,5.0,5.0,26.0,18.0,0.833,0.833,1.0,0.571,6.4,70.8,38.2,33.8,6.5,9.9,33.7,33.4,132.0,94.0,NOP,96,1,2024,2023-10-28,False
240.0,240.0,40.0,87.0,0.46,9.0,33.0,0.273,7.0,16.0,0.438,4.0,39.0,43.0,20.0,8.0,5.0,13.0,22.0,96.0,,0.51,0.511,0.379,0.184,8.5,70.9,42.2,50.0,8.0,9.4,12.1,100.0,96.2,87.2,,,12.0,17.0,0.706,3.0,8.0,1.0,3.0,4.0,1.0,2.0,5.0,7.0,7.0,4.0,3.0,5.0,5.0,26.0,18.0,0.833,0.833,1.0,0.571,6.4,70.8,38.2,33.8,6.5,9.9,33.7,33.4,132.0,94.0,NOP,96,1,0,240.0,240.0,33.0,90.0,0.367,7.0,37.0,0.189,14.0,18.0,0.778,16.0,43.0,59.0,19.0,7.0,3.0,18.0,17.0,87.0,,0.444,0.406,0.411,0.2,29.1,91.5,57.8,57.6,7.0,5.6,15.5,100.0,87.2,96.2,,,7.0,16.0,1.0,1.0,6.0,1.0,5.0,6.0,1.0,10.0,12.0,15.0,5.0,2.0,2.0,8.0,4.0,18.0,10.0,1.5,1.5,1.0,4.0,30.1,67.8,31.3,80.3,10.6,6.1,33.5,29.3,284.0,101.0,NYK,87,0,2024,2023-10-28,True
240.0,240.0,36.0,94.0,0.383,7.0,31.0,0.226,19.0,22.0,0.864,14.0,28.0,42.0,19.0,10.0,9.0,15.0,26.0,98.0,,0.473,0.42,0.33,0.234,25.9,71.8,45.2,52.8,9.9,16.7,12.6,100.0,97.0,124.7,,,7.0,16.0,0.667,2.0,6.0,0.5,6.0,7.0,1.0,3.0,7.0,9.0,5.0,4.0,2.0,4.0,5.0,20.0,5.0,0.773,0.667,1.0,0.667,10.9,41.8,22.5,40.4,8.2,6.9,36.4,30.6,140.0,135.0,POR,98,0,1,240.0,240.0,40.0,82.0,0.488,11.0,28.0,0.393,35.0,40.0,0.875,11.0,40.0,51.0,28.0,10.0,17.0,15.0,20.0,126.0,,0.633,0.555,0.341,0.488,28.2,74.1,54.8,70.0,9.9,27.0,13.1,100.0,124.7,97.0,,,12.0,22.0,1.0,4.0,8.0,1.0,10.0,12.0,1.0,5.0,10.0,15.0,8.0,2.0,6.0,3.0,4.0,35.0,31.0,1.064,1.5,1.0,2.0,20.9,33.1,26.3,55.9,4.6,49.7,33.3,43.1,165.0,111.0,PHI,126,1,2024,2023-10-29,False
240.0,240.0,40.0,82.0,0.488,11.0,28.0,0.393,35.0,40.0,0.875,11.0,40.0,51.0,28.0,10.0,17.0,15.0,20.0,126.0,,0.633,0.555,0.341,0.488,28.2,74.1,54.8,70.0,9.9,27.0,13.1,100.0,124.7,97.0,,,12.0,22.0,1.0,4.0,8.0,1.0,10.0,12.0,1.0,5.0,10.0,15.0,8.0,2.0,6.0,3.0,4.0,35.0,31.0,1.064,1.5,1.0,2.0,20.9,33.1,26.3,55.9,4.6,49.7,33.3,43.1,165.0,111.0,PHI,126,1,0,240.0,240.0,36.0,94.0,0.383,7.0,31.0,0.226,19.0,22.0,0.864,14.0,28.0,42.0,19.0,10.0,9.0,15.0,26.0,98.0,,0.473,0.42,0.33,0.234,25.9,71.8,45.2,52.8,9.9,16.7,12.6,100.0,97.0,124.7,,,7.0,16.0,0.667,2.0,6.0,0.5,6.0,7.0,1.0,3.0,7.0,9.0,5.0,4.0,2.0,4.0,5.0,20.0,5.0,0.773,0.667,1.0,0.667,10.9,41.8,22.5,40.4,8.2,6.9,36.4,30.6,140.0,135.0,POR,98,0,2024,2023-10-29,True
240.0,240.0,38.0,86.0,0.442,13.0,34.0,0.382,20.0,25.0,0.8,12.0,36.0,48.0,18.0,9.0,1.0,14.0,17.0,109.0,,0.562,0.517,0.395,0.291,27.3,72.0,51.1,47.4,9.4,1.9,12.6,100.0,114.1,95.3,,,7.0,16.0,1.0,3.0,6.0,0.6,7.0,10.0,1.0,4.0,7.0,10.0,6.0,2.0,1.0,5.0,3.0,19.0,21.0,1.0,1.0,1.0,0.714,38.5,44.0,23.4,55.2,4.6,3.9,25.0,29.8,161.0,107.0,NYK,109,0,1,240.0,240.0,36.0,92.0,0.391,10.0,38.0,0.263,9.0,12.0,0.75,14.0,32.0,46.0,19.0,6.0,6.0,15.0,19.0,91.0,,0.468,0.446,0.413,0.13,28.0,72.7,48.9,52.8,6.3,11.5,13.4,100.0,95.3,114.1,,,11.0,20.0,1.0,3.0,9.0,0.5,4.0,4.0,1.0,4.0,8.0,12.0,5.0,3.0,2.0,3.0,3.0,26.0,2.0,1.064,1.0,1.0,2.0,13.2,100.0,57.8,28.3,5.2,9.8,51.5,35.3,200.0,121.0,CLE,91,1,2024,2023-10-31,True
240.0,240.0,36.0,92.0,0.391,10.0,38.0,0.263,9.0,12.0,0.75,14.0,32.0,46.0,19.0,6.0,6.0,15.0,19.0,91.0,,0.468,0.446,0.413,0.13,28.0,72.7,48.9,52.8,6.3,11.5,13.4,100.0,95.3,114.1,,,11.0,20.0,1.0,3.0,9.0,0.5,4.0,4.0,1.0,4.0,8.0,12.0,5.0,3.0,2.0,3.0,3.0,26.0,2.0,1.064,1.0,1.0,2.0,13.2,100.0,57.8,28.3,5.2,9.8,51.5,35.3,200.0,121.0,CLE,91,1,0,240.0,240.0,38.0,86.0,0.442,13.0,34.0,0.382,20.0,25.0,0.8,12.0,36.0,48.0,18.0,9.0,1.0,14.0,17.0,109.0,,0.562,0.517,0.395,0.291,27.3,72.0,51.1,47.4,9.4,1.9,12.6,100.0,114.1,95.3,,,7.0,16.0,1.0,3.0,6.0,0.6,7.0,10.0,1.0,4.0,7.0,10.0,6.0,2.0,1.0,5.0,3.0,19.0,21.0,1.0,1.0,1.0,0.714,38.5,44.0,23.4,55.2,4.6,3.9,25.0,29.8,161.0,107.0,NYK,109,0,2024,2023-10-31,False
240.0,240.0,38.0,89.0,0.427,16.0,33.0,0.485,19.0,23.0,0.826,11.0,34.0,45.0,24.0,8.0,6.0,12.0,16.0,111.0,,0.56,0.517,0.371,0.258,22.0,68.0,45.0,63.2,8.1,10.7,10.8,100.0,111.7,119.8,,,10.0,23.0,0.714,5.0,12.0,0.75,8.0,9.0,1.0,3.0,7.0,9.0,6.0,3.0,2.0,3.0,3.0,28.0,13.0,0.929,0.929,1.0,0.818,9.4,32.7,21.0,27.4,12.3,6.6,50.0,37.0,167.0,128.0,MIA,111,0,1,240.0,240.0,45.0,95.0,0.474,16.0,39.0,0.41,13.0,19.0,0.684,16.0,39.0,55.0,20.0,7.0,6.0,15.0,19.0,119.0,,0.576,0.558,0.411,0.2,32.0,78.0,55.0,44.4,7.0,10.7,12.7,100.0,119.8,111.7,,,11.0,22.0,1.0,5.0,10.0,1.0,5.0,6.0,1.0,3.0,8.0,10.0,7.0,3.0,3.0,4.0,6.0,28.0,13.0,1.5,1.5,1.0,0.4,20.5,27.3,19.5,25.8,4.8,7.1,50.0,33.5,281.0,122.0,BOS,119,1,2024,2023-10-27,False
240.0,240.0,45.0,95.0,0.474,16.0,39.0,0.41,13.0,19.0,0.684,16.0,39.0,55.0,20.0,7.0,6.0,15.0,19.0,119.0,,0.576,0.558,0.411,0.2,32.0,78.0,55.0,44.4,7.0,10.7,12.7,100.0,119.8,111.7,,,11.0,22.0,1.0,5.0,10.0,1.0,5.0,6.0,1.0,3.0,8.0,10.0,7.0,3.0,3.0,4.0,6.0,28.0,13.0,1.5,1.5,1.0,0.4,20.5,27.3,19.5,25.8,4.8,7.1,50.0,33.5,281.0,122.0,BOS,119,1,0,240.0,240.0,38.0,89.0,0.427,16.0,33.0,0.485,19.0,23.0,0.826,11.0,34.0,45.0,24.0,8.0,6.0,12.0,16.0,111.0,,0.56,0.517,0.371,0.258,22.0,68.0,45.0,63.2,8.1,10.7,10.8,100.0,111.7,119.8,,,10.0,23.0,0.714,5.0,12.0,0.75,8.0,9.0,1.0,3.0,7.0,9.0,6.0,3.0,2.0,3.0,3.0,28.0,13.0,0.929,0.929,1.0,0.818,9.4,32.7,21.0,27.4,12.3,6.6,50.0,37.0,167.0,128.0,MIA,111,0,2024,2023-10-27,True
240.0,240.0,41.0,88.0,0.466,14.0,37.0,0.378,12.0,18.0,0.667,6.0,34.0,40.0,27.0,11.0,10.0,17.0,18.0,108.0,,0.563,0.545,0.42,0.205,14.6,72.3,45.5,65.9,10.7,19.2,15.1,100.0,105.2,101.3,,,8.0,17.0,0.75,4.0,9.0,0.667,5.0,6.0,1.0,3.0,12.0,13.0,7.0,5.0,3.0,9.0,4.0,22.0,8.0,0.922,1.0,0.75,0.5,10.0,42.5,24.6,52.1,6.7,15.3,35.1,31.2,134.0,113.0,DEN,108,0,1,240.0,240.0,37.0,85.0,0.435,10.0,33.0,0.303,20.0,24.0,0.833,13.0,35.0,48.0,22.0,13.0,7.0,20.0,23.0,104.0,,0.544,0.494,0.388,0.282,27.7,85.4,54.5,59.5,12.7,13.7,17.3,100.0,101.3,105.2,,,9.0,17.0,0.692,3.0,10.0,1.0,6.0,6.0,1.0,3.0,7.0,9.0,5.0,5.0,3.0,5.0,5.0,21.0,6.0,0.773,0.833,0.667,0.667,19.0,28.8,17.3,29.8,7.6,9.9,34.0,33.9,156.0,113.0,MEM,104,1,2024,2023-10-27,True
240.0,240.0,37.0,85.0,0.435,10.0,33.0,0.303,20.0,24.0,0.833,13.0,35.0,48.0,22.0,13.0,7.0,20.0,23.0,104.0,,0.544,0.494,0.388,0.282,27.7,85.4,54.5,59.5,12.7,13.7,17.3,100.0,101.3,105.2,,,9.0,17.0,0.692,3.0,10.0,1.0,6.0,6.0,1.0,3.0,7.0,9.0,5.0,5.0,3.0,5.0,5.0,21.0,6.0,0.773,0.833,0.667,0.667,19.0,28.8,17.3,29.8,7.6,9.9,34.0,33.9,156.0,113.0,MEM,104,1,0,240.0,240.0,41.0,88.0,0.466,14.0,37.0,0.378,12.0,18.0,0.667,6.0,34.0,40.0,27.0,11.0,10.0,17.0,18.0,108.0,,0.563,0.545,0.42,0.205,14.6,72.3,45.5,65.9,10.7,19.2,15.1,100.0,105.2,101.3,,,8.0,17.0,0.75,4.0,9.0,0.667,5.0,6.0,1.0,3.0,12.0,13.0,7.0,5.0,3.0,9.0,4.0,22.0,8.0,0.922,1.0,0.75,0.5,10.0,42.5,24.6,52.1,6.7,15.3,35.1,31.2,134.0,113.0,DEN,108,0,2024,2023-10-27,False
240.0,240.0,47.0,93.0,0.505,15.0,37.0,0.405,18.0,22.0,0.818,13.0,33.0,46.0,32.0,15.0,2.0,17.0,17.0,127.0,,0.618,0.586,0.398,0.237,32.5,73.3,54.1,68.1,14.5,4.8,14.2,100.0,123.1,106.6,,,7.0,14.0,0.667,4.0,8.0,1.0,7.0,9.0,1.0,4.0,10.0,12.0,11.0,4.0,1.0,3.0,4.0,20.0,26.0,1.0,1.0,1.0,1.0,37.1,46.3,34.9,41.7,14.5,4.4,66.7,35.7,232.0,118.0,ATL,127,0,1,240.0,240.0,39.0,86.0,0.453,16.0,44.0,0.364,16.0,20.0,0.8,12.0,27.0,39.0,22.0,10.0,3.0,23.0,22.0,110.0,,0.58,0.547,0.512,0.233,26.7,67.5,45.9,56.4,9.7,5.4,19.5,100.0,106.6,123.1,,,9.0,14.0,1.0,4.0,10.0,1.0,8.0,10.0,1.0,5.0,6.0,11.0,5.0,2.0,2.0,6.0,4.0,26.0,14.0,1.434,1.5,1.0,0.714,18.1,54.4,34.1,39.0,7.0,5.8,75.0,37.8,279.0,133.0,MIL,110,1,2024,2023-10-29,True
240.0,240.0,39.0,86.0,0.453,16.0,44.0,0.364,16.0,20.0,0.8,12.0,27.0,39.0,22.0,10.0,3.0,23.0,22.0,110.0,,0.58,0.547,0.512,0.233,26.7,67.5,45.9,56.4,9.7,5.4,19.5,100.0,106.6,123.1,,,9.0,14.0,1.0,4.0,10.0,1.0,8.0,10.0,1.0,5.0,6.0,11.0,5.0,2.0,2.0,6.0,4.0,26.0,14.0,1.434,1.5,1.0,0.714,18.1,54.4,34.1,39.0,7.0,5.8,75.0,37.8,279.0,133.0,MIL,110,1,0,240.0,240.0,47.0,93.0,0.505,15.0,37.0,0.405,18.0,22.0,0.818,13.0,33.0,46.0,32.0,15.0,2.0,17.0,17.0,127.0,,0.618,0.586,0.398,0.237,32.5,73.3,54.1,68.1,14.5,4.8,14.2,100.0,123.1,106.6,,,7.0,14.0,0.667,4.0,8.0,1.0,7.0,9.0,1.0,4.0,10.0,12.0,11.0,4.0,1.0,3.0,4.0,20.0,26.0,1.0,1.0,1.0,1.0,37.1,46.3,34.9,41.7,14.5,4.4,66.7,35.7,232.0,118.0,ATL,127,0,2024,2023-10-29,False
265.0,265.0,39.0,84.0,0.464,9.0,36.0,0.25,16.0,25.0,0.64,8.0,45.0,53.0,25.0,5.0,2.0,21.0,29.0,103.0,,0.542,0.518,0.429,0.298,17.8,75.0,50.5,64.1,4.6,3.3,18.1,100.0,95.3,96.3,,,9.0,15.0,0.8,3.0,10.0,0.5,4.0,5.0,1.0,2.0,9.0,10.0,10.0,2.0,2.0,7.0,6.0,22.0,28.0,0.806,0.8,1.0,1.25,10.4,28.2,20.1,51.6,3.5,4.6,37.5,27.0,140.0,105.0,TOR,103,0,1,265.0,265.0,37.0,99.0,0.374,8.0,39.0,0.205,22.0,28.0,0.786,15.0,37.0,52.0,18.0,10.0,5.0,16.0,22.0,104.0,,0.467,0.414,0.394,0.283,25.0,82.2,49.5,48.6,9.3,10.4,12.6,100.0,96.3,95.3,,,11.0,22.0,0.556,2.0,9.0,0.4,10.0,14.0,1.0,6.0,9.0,13.0,8.0,4.0,1.0,3.0,5.0,33.0,29.0,0.658,0.667,1.0,0.636,16.7,26.7,20.7,34.5,7.4,4.6,33.3,30.4,151.0,103.0,CHI,104,1,2024,2023-10-27,False
265.0,265.0,37.0,99.0,0.374,8.0,39.0,0.205,22.0,28.0,0.786,15.0,37.0,52.0,18.0,10.0,5.0,16.0,22.0,104.0,,0.467,0.414,0.394,0.283,25.0,82.2,49.5,48.6,9.3,10.4,12.6,100.0,96.3,95.3,,,11.0,22.0,0.556,2.0,9.0,0.4,10.0,14.0,1.0,6.0,9.0,13.0,8.0,4.0,1.0,3.0,5.0,33.0,29.0,0.658,0.667,1.0,0.636,16.7,26.7,20.7,34.5,7.4,4.6,33.3,30.4,151.0,103.0,CHI,104,1,0,265.0,265.0,39.0,84.0,0.464,9.0,36.0,0.25,16.0,25.0,0.64,8.0,45.0,53.0,25.0,5.0,2.0,21.0,29.0,103.0,,0.542,0.518,0.429,0.298,17.8,75.0,50.5,64.1,4.6,3.3,18.1,100.0,95.3,96.3,,,9.0,15.0,0.8,3.0,10.0,0.5,4.0,5.0,1.0,2.0,9.0,10.0,10.0,2.0,2.0,7.0,6.0,22.0,28.0,0.806,0.8,1.0,1.25,10.4,28.2,20.1,51.6,3.5,4.6,37.5,27.0,140.0,105.0,TOR,103,0,2024,2023-10-27,True
265.0,265.0,52.0,100.0,0.52,8.0,32.0,0.25,10.0,20.0,0.5,11.0,32.0,43.0,30.0,7.0,2.0,18.0,26.0,122.0,,0.561,0.56,0.32,0.2,26.2,72.7,50.0,57.7,6.3,3.8,14.2,100.0,110.0,113.6,,,11.0,20.0,1.0,2.0,10.0,0.5,2.0,6.0,1.0,6.0,8.0,14.0,12.0,3.0,1.0,6.0,6.0,25.0,4.0,1.025,1.0,1.0,0.5,18.6,33.3,21.2,35.6,10.3,8.0,50.0,27.3,212.0,121.0,HOU,122,0,1,265.0,265.0,46.0,94.0,0.489,13.0,42.0,0.31,21.0,28.0,0.75,12.0,31.0,43.0,32.0,11.0,4.0,18.0,17.0,126.0,,0.593,0.559,0.447,0.298,27.3,73.8,50.0,69.6,9.9,5.9,14.5,100.0,113.6,110.0,,,8.0,19.0,0.714,4.0,7.0,1.0,8.0,11.0,1.0,5.0,7.0,12.0,8.0,4.0,3.0,4.0,5.0,25.0,14.0,1.0,1.0,0.857,0.846,19.4,33.9,24.8,48.6,4.9,7.5,30.0,36.5,223.0,119.0,SAS,126,1,2024,2023-10-27,False
265.0,265.0,46.0,94.0,0.489,13.0,42.0,0.31,21.0,28.0,0.75,12.0,31.0,43.0,32.0,11.0,4.0,18.0,17.0,126.0,,0.593,0.559,0.447,0.298,27.3,73.8,50.0,69.6,9.9,5.9,14.5,100.0,113.6,110.0,,,8.0,19.0,0.714,4.0,7.0,1.0,8.0,11.0,1.0,5.0,7.0,12.0,8.0,4.0,3.0,4.0,5.0,25.0,14.0,1.0,1.0,0.857,0.846,19.4,33.9,24.8,48.6,4.9,7.5,30.0,36.5,223.0,119.0,SAS,126,1,0,265.0,265.0,52.0,100.0,0.52,8.0,32.0,0.25,10.0,20.0,0.5,11.0,32.0,43.0,30.0,7.0,2.0,18.0,26.0,122.0,,0.561,0.56,0.32,0.2,26.2,72.7,50.0,57.7,6.3,3.8,14.2,100.0,110.0,113.6,,,11.0,20.0,1.0,2.0,10.0,0.5,2.0,6.0,1.0,6.0,8.0,14.0,12.0,3.0,1.0,6.0,6.0,25.0,4.0,1.025,1.0,1.0,0.5,18.6,33.3,21.2,35.6,10.3,8.0,50.0,27.3,212.0,121.0,HOU,122,0,2024,2023-10-27,True
