,mp.1,fg,fga,fg%,3p,3pa,3p%,ft,fta,ft%,orb,drb,trb,ast,stl,blk,tov,pf,pts,+/-,ts%,efg%,3par,ftr,orb%,drb%,trb%,ast%,stl%,blk%,tov%,usg%,ortg,drtg,mp_max,mp_max.1,fg_max,fga_max,fg%_max,3p_max,3pa_max,3p%_max,ft_max,fta_max,ft%_max,orb_max,drb_max,trb_max,ast_max,stl_max,blk_max,tov_max,pf_max,pts_max,+/-_max,ts%_max,efg%_max,3par_max,ftr_max,orb%_max,drb%_max,trb%_max,ast%_max,stl%_max,blk%_max,tov%_max,usg%_max,ortg_max,drtg_max,team,total,home,index_opp,mp_opp,mp_opp.1,fg_opp,fga_opp,fg%_opp,3p_opp,3pa_opp,3p%_opp,ft_opp,fta_opp,ft%_opp,orb_opp,drb_opp,trb_opp,ast_opp,stl_opp,blk_opp,tov_opp,pf_opp,pts_opp,+/-_opp,ts%_opp,efg%_opp,3par_opp,ftr_opp,orb%_opp,drb%_opp,trb%_opp,ast%_opp,stl%_opp,blk%_opp,tov%_opp,usg%_opp,ortg_opp,drtg_opp,mp_max_opp,mp_max_opp.1,fg_max_opp,fga_max_opp,fg%_max_opp,3p_max_opp,3pa_max_opp,3p%_max_opp,ft_max_opp,fta_max_opp,ft%_max_opp,orb_max_opp,drb_max_opp,trb_max_opp,ast_max_opp,stl_max_opp,blk_max_opp,tov_max_opp,pf_max_opp,pts_max_opp,+/-_max_opp,ts%_max_opp,efg%_max_opp,3par_max_opp,ftr_max_opp,orb%_max_opp,drb%_max_opp,trb%_max_opp,ast%_max_opp,stl%_max_opp,blk%_max_opp,tov%_max_opp,usg%_max_opp,ortg_max_opp,drtg_max_opp,team_opp,total_opp,home_opp,season,date,won
0,240,41,90,0.456,10,29,0.345,15,20,0.75,13,31,44,23,5,4,11,18,107,,0.541,0.511,0.322,0.222,28.3,77.5,51.2,56.1,5.2,7,10,100,112.3,124.8,,,10,17,0.75,4,6,0.667,5,7,1,4,7,8,7,2,2,3,3,21,7,1.014,1,0.75,0.636,14.2,29,15.4,33.9,3.2,4.9,20,29.8,175,131,LAL,107,0,1,240,240,48,91,0.527,14,34,0.412,9,12,0.75,9,33,42,29,9,6,11,15,119,,0.618,0.604,0.374,0.132,22.5,71.7,48.8,60.4,9.4,9.8,10.3,100,124.8,112.3,,,12,22,1,3,9,0.667,2,4,1,3,10,13,11,3,1,3,5,29,15,1,1,1,0.667,9.9,34.6,22.2,45.3,4.2,7.3,25,62.4,200,123,DEN,119,1,2024,10/24/23,FALSE
1,240,42,95,0.442,11,33,0.333,13,17,0.765,17,43,60,23,5,7,19,22,108,,0.527,0.5,0.347,0.179,35.4,70.5,55,54.8,4.9,12.1,15.6,100,106.2,102.3,,,13,22,1,3,9,1,3,5,1,4,11,14,8,1,3,6,5,32,7,1.5,1.5,1,1.333,14.3,31.1,22.1,41.4,16.4,12.9,38.7,30.3,300,112,PHO,108,0,1,240,240,36,101,0.356,10,43,0.233,22,28,0.786,18,31,49,19,11,6,11,23,104,,0.459,0.406,0.426,0.277,29.5,64.6,45,52.8,10.8,9.7,8.8,100,102.3,106.2,,,8,20,0.667,4,14,0.5,7,7,1,5,6,11,9,3,2,3,5,27,15,0.799,0.833,0.7,0.75,21.3,21.5,17.3,41.5,7.9,7.7,23.7,31.5,225,118,GSW,104,1,2024,10/24/23,TRUE
4,240,39,94,0.415,12,42,0.286,14,18,0.778,13,29,42,26,10,3,12,16,104,,0.51,0.479,0.447,0.191,25.5,85.3,49.4,66.7,10.2,7,10.5,100,105.8,126.2,,,9,20,0.75,3,9,0.75,6,6,1,4,8,9,4,3,2,4,3,20,3,0.917,0.917,1,0.429,17.7,77,30.8,33.6,5.3,7,32.2,38.6,155,134,CHI,104,1,0,240,240,45,82,0.549,19,39,0.487,15,18,0.833,5,38,43,30,6,4,15,19,124,,0.69,0.665,0.476,0.22,14.7,74.5,50.6,66.7,6.1,7.7,14.3,100,126.2,105.8,,,12,18,1,3,6,1,5,5,1,1,7,7,10,2,2,3,3,31,19,1.3,1.3,1,2,13.4,99.1,59.4,56.1,3,5.1,34.7,26.9,242,116,OKC,124,0,2024,10/25/23,FALSE
5,240,42,87,0.483,9,34,0.265,23,26,0.885,17,40,57,19,8,6,14,20,116,,0.589,0.534,0.391,0.299,41.5,85.1,64.8,45.2,8.5,13.3,12.5,100,123.8,91.8,,,8,12,1,3,7,0.5,6,7,1,4,7,8,5,3,2,3,4,20,17,1.025,1,1,2,24.4,63.8,34.1,45.5,10.7,44.4,61.5,42.3,212,101,ORL,116,1,0,240,240,32,79,0.405,12,34,0.353,10,16,0.625,7,24,31,19,6,3,18,24,86,,0.5,0.481,0.43,0.203,14.9,58.5,35.2,59.4,6.4,5.7,17.3,100,91.8,123.8,,,6,13,1,4,7,1,6,7,0.857,3,6,8,6,1,1,4,6,14,-2,1.5,1.5,1,0.7,22.1,24.7,15.3,46.2,4.6,8.1,33.3,32.2,300,133,HOU,86,0,2024,10/25/23,TRUE
,,,,,,,,,,,,,,,,,,,,,,,,,,,,,,,,,,,,,,,,,,,,,,,,,,,,,,,,,,,,,,,,,,,,,,,,,,,,,,,,,,,,,,,,,,,,,,,,,,,,,,,,,,,,,,,,,,,,,,,,,,,,,,,,,,,,,,,,,,,,,,,,,,,,,
7,240,41,91,0.451,9,28,0.321,23,31,0.742,16,38,54,22,6,2,14,20,114,,0.545,0.5,0.308,0.341,34.8,71.7,54.5,53.7,5.9,3.9,11.8,100,112.2,128,,,8,16,0.8,2,6,0.5,6,8,1,4,8,11,6,2,1,4,4,24,2,0.8,0.8,0.6,0.778,43.2,37.5,40.1,94,6,4.3,34,33.5,149,136,UTA,114,1,0,240,240,47,102,0.461,19,51,0.373,17,20,0.85,15,30,45,29,6,8,11,25,130,,0.587,0.554,0.5,0.196,28.3,65.2,45.5,61.7,5.9,12.7,9,100,128,112.2,,,11,18,1,5,9,0.75,6,7,1,6,6,12,7,2,2,3,4,33,14,1,1,1,0.5,16.9,82.4,38.3,37.5,6.1,6.6,25,31.1,204,123,SAC,130,0,2024,10/25/23,FALSE
,,,,,,,,,,,,,,,,,,,,,,,,,,,,,,,,,,,,,,,,,,,,,,,,,,,,,,,,,,,,,,,,,,,,,,,,,,,,,,,,,,,,,,,,,,,,,,,,,,,,,,,,,,,,,,,,,,,,,,,,,,,,,,,,,,,,,,,,,,,,,,,,,,,,,
9,240,46,89,0.517,11,35,0.314,16,22,0.727,9,36,45,33,8,5,19,23,119,,0.603,0.579,0.393,0.247,20.5,73.5,48.4,71.7,7.5,9.6,16.1,100,111.8,118.4,,,9,17,1,3,6,0.667,4,6,1,3,7,9,7,2,2,5,5,23,4,1,1,1,0.571,11.4,30,19.8,31.5,3.9,8.4,50,25.3,173,125,SAS,119,1,0,240,240,47,99,0.475,15,47,0.319,17,23,0.739,13,35,48,24,6,3,12,20,126,,0.577,0.551,0.475,0.232,26.5,79.5,51.6,51.1,5.6,5.6,9.9,100,118.4,111.8,,,13,25,0.875,4,11,1,4,7,1,5,12,13,10,2,1,4,4,33,20,0.858,0.875,0.727,0.8,16,38.2,19.6,48.7,2.6,3.9,20.8,37.1,177,118,DAL,126,0,2024,10/25/23,FALSE
,,,,,,,,,,,,,,,,,,,,,,,,,,,,,,,,,,,,,,,,,,,,,,,,,,,,,,,,,,,,,,,,,,,,,,,,,,,,,,,,,,,,,,,,,,,,,,,,,,,,,,,,,,,,,,,,,,,,,,,,,,,,,,,,,,,,,,,,,,,,,,,,,,,,,
11,240,42,84,0.5,9,27,0.333,20,26,0.769,13,37,50,30,6,6,17,16,113,,0.592,0.554,0.321,0.31,31,80.4,56.8,71.4,6.2,11.8,15.1,100,115.9,116.9,,,13,21,0.8,2,6,0.667,8,11,1,4,9,10,9,3,3,3,4,36,8,1,1,1,0.75,16.2,40.9,23.7,49.7,4.2,15.8,50,45.6,154,125,BRK,113,1,0,240,240,44,94,0.468,17,43,0.395,9,10,0.9,9,29,38,25,10,6,10,23,114,,0.579,0.559,0.457,0.106,19.6,69,43.2,56.8,10.3,10.5,9.2,100,116.9,115.9,,,11,21,1,7,13,0.538,4,5,1,3,12,12,6,4,2,6,5,27,13,1,1,1,0.5,10.6,35.2,16.8,27.6,5.5,5,50,26.6,200,125,CLE,114,0,2024,10/25/23,FALSE
,,,,,,,,,,,,,,,,,,,,,,,,,,,,,,,,,,,,,,,,,,,,,,,,,,,,,,,,,,,,,,,,,,,,,,,,,,,,,,,,,,,,,,,,,,,,,,,,,,,,,,,,,,,,,,,,,,,,,,,,,,,,,,,,,,,,,,,,,,,,,,,,,,,,,
13,240,36,90,0.4,14,35,0.4,11,16,0.688,8,39,47,27,9,11,14,18,97,,0.5,0.478,0.389,0.178,14.8,70.9,43.1,75,8.8,15.9,12.6,100,95.1,92.1,,,8,17,1,4,9,1,4,6,1,3,8,11,7,2,5,4,4,22,10,0.735,1,1,1.333,11.2,29.4,20.4,63,4.9,9.4,40,26.4,158,106,TOR,97,1,0,240,240,34,100,0.34,8,31,0.258,18,22,0.818,16,46,62,20,8,9,14,14,94,,0.429,0.38,0.31,0.22,29.1,85.2,56.9,58.8,7.8,16.4,11.3,100,92.1,95.1,,,8,27,0.5,4,10,0.571,6,6,1,5,9,14,5,2,4,4,4,26,15,0.557,0.5,0.8,0.5,13.6,22.2,17.9,28.4,4.4,10.9,25.4,32.1,117,103,MIN,94,0,2024,10/25/23,TRUE
,,,,,,,,,,,,,,,,,,,,,,,,,,,,,,,,,,,,,,,,,,,,,,,,,,,,,,,,,,,,,,,,,,,,,,,,,,,,,,,,,,,,,,,,,,,,,,,,,,,,,,,,,,,,,,,,,,,,,,,,,,,,,,,,,,,,,,,,,,,,,,,,,,,,,
15,240,38,91,0.418,12,43,0.279,16,20,0.8,8,29,37,23,8,7,13,19,104,,0.521,0.484,0.473,0.22,16.3,72.5,41.6,60.5,7.8,13.2,11.5,100,101.8,108.7,,,11,22,0.571,5,10,0.5,4,6,1,4,8,12,5,3,5,5,5,31,6,0.643,0.643,1,0.6,11.6,28.5,19.2,31.3,4.2,12.7,26.8,30.9,120,116,MEM,104,1,0,240,240,40,85,0.471,14,32,0.438,17,22,0.773,11,41,52,22,8,5,21,21,111,,0.586,0.553,0.376,0.259,27.5,83.7,58.4,55,7.8,10.4,18.2,100,108.7,101.8,,,9,18,0.571,6,11,0.667,5,7,1,4,12,12,6,2,1,5,4,24,20,0.761,0.75,1,0.625,15.1,46,28.9,29.9,5,9.2,50,30.2,178,111,NOP,111,0,2024,10/25/23,FALSE
28,240,36,84,0.429,5,29,0.172,23,29,0.793,8,34,42,24,14,7,16,23,100,,0.517,0.458,0.345,0.345,17,77.3,46.2,66.7,13.9,14,14.2,100,99.2,94.2,,,10,17,0.667,1,7,0.5,9,10,1,3,9,12,9,3,3,5,5,30,23,0.902,0.833,0.667,0.667,9.5,40.8,24.6,46.8,8,7.7,100,27.4,133,104,LAL,100,1,0,240,240,34,81,0.42,9,31,0.29,18,23,0.783,10,39,49,16,7,3,20,21,95,,0.521,0.475,0.383,0.284,22.7,83,53.8,47.1,6.9,5.5,18,100,94.2,99.2,,,14,28,0.6,2,8,1,10,13,1,4,11,11,4,3,1,8,5,39,18,0.85,0.8,1,1,13.4,28.5,16.9,18,5.1,6.6,50,45.8,163,105,PHO,95,0,2024,10/26/23,TRUE
29,240,41,80,0.513,16,35,0.457,19,28,0.679,4,35,39,25,8,4,15,28,117,,0.634,0.613,0.438,0.35,10.3,81.4,47.6,61,7.9,7.8,14,100,115.1,116.1,,,10,22,1,5,8,1,8,10,1,1,7,7,8,2,2,7,5,31,14,1.058,1.056,1,1,10.6,29,20.2,32.9,3.8,41.2,41,38.7,218,120,PHI,117,0,1,240,240,41,81,0.506,11,30,0.367,25,36,0.694,8,35,43,20,9,4,14,23,118,,0.609,0.574,0.37,0.444,18.6,89.7,52.4,48.8,8.9,8.9,12.6,100,116.1,115.1,,,10,21,0.75,4,12,1,17,17,1,4,8,12,4,2,2,7,4,39,14,0.929,0.929,0.667,0.85,12.7,28,20,33.8,5.8,6.1,33.3,39.4,156,121,MIL,118,1,2024,10/26/23,FALSE
32,240,35,88,0.398,9,32,0.281,18,21,0.857,15,32,47,15,6,1,16,24,97,,0.499,0.449,0.364,0.239,30,76.2,51.1,42.9,6.3,2,14.1,100,102,107.2,,,9,23,0.778,4,11,0.5,6,7,1,4,11,15,3,2,1,5,5,24,6,0.945,0.833,1,1.333,12.6,41.3,25.7,22.3,3,5.6,29.4,28.8,203,115,POR,97,1,0,240,240,36,79,0.456,9,28,0.321,21,32,0.656,10,35,45,22,10,5,14,16,102,,0.548,0.513,0.354,0.405,23.8,70,48.9,61.1,10.5,8.9,13.1,100,107.2,102,,,8,16,1,3,9,1,8,9,1,4,7,9,6,4,2,3,3,23,11,1.007,1.063,1,0.75,20.9,25.8,21.4,41,7.5,6.4,50,29.7,171,113,ORL,102,0,2024,10/27/23,FALSE
33,265,37,99,0.374,8,39,0.205,22,28,0.786,15,37,52,18,10,5,16,22,104,,0.467,0.414,0.394,0.283,25,82.2,49.5,48.6,9.3,10.4,12.6,100,96.3,95.3,,,11,22,0.556,2,9,0.4,10,14,1,6,9,13,8,4,1,3,5,33,29,0.658,0.667,1,0.636,16.7,26.7,20.7,34.5,7.4,4.6,33.3,30.4,151,103,CHI,104,1,0,265,265,39,84,0.464,9,36,0.25,16,25,0.64,8,45,53,25,5,2,21,29,103,,0.542,0.518,0.429,0.298,17.8,75,50.5,64.1,4.6,3.3,18.1,100,95.3,96.3,,,9,15,0.8,3,10,0.5,4,5,1,2,9,10,10,2,2,7,6,22,28,0.806,0.8,1,1.25,10.4,28.2,20.1,51.6,3.5,4.6,37.5,27,140,105,TOR,103,0,2024,10/27/23,TRUE
,,,,,,,,,,,,,,,,,,,,,,,,,,,,,,,,,,,,,,,,,,,,,,,,,,,,,,,,,,,,,,,,,,,,,,,,,,,,,,,,,,,,,,,,,,,,,,,,,,,,,,,,,,,,,,,,,,,,,,,,,,,,,,,,,,,,,,,,,,,,,,,,,,,,,
35,240,37,85,0.435,10,33,0.303,20,24,0.833,13,35,48,22,13,7,20,23,104,,0.544,0.494,0.388,0.282,27.7,85.4,54.5,59.5,12.7,13.7,17.3,100,101.3,105.2,,,9,17,0.692,3,10,1,6,6,1,3,7,9,5,5,3,5,5,21,6,0.773,0.833,0.667,0.667,19,28.8,17.3,29.8,7.6,9.9,34,33.9,156,113,MEM,104,1,0,240,240,41,88,0.466,14,37,0.378,12,18,0.667,6,34,40,27,11,10,17,18,108,,0.563,0.545,0.42,0.205,14.6,72.3,45.5,65.9,10.7,19.2,15.1,100,105.2,101.3,,,8,17,0.75,4,9,0.667,5,6,1,3,12,13,7,5,3,9,4,22,8,0.922,1,0.75,0.5,10,42.5,24.6,52.1,6.7,15.3,35.1,31.2,134,113,DEN,108,0,2024,10/27/23,FALSE
36,240,41,88,0.466,14,37,0.378,12,18,0.667,6,34,40,27,11,10,17,18,108,,0.563,0.545,0.42,0.205,14.6,72.3,45.5,65.9,10.7,19.2,15.1,100,105.2,101.3,,,8,17,0.75,4,9,0.667,5,6,1,3,12,13,7,5,3,9,4,22,8,0.922,1,0.75,0.5,10,42.5,24.6,52.1,6.7,15.3,35.1,31.2,134,113,DEN,108,0,1,240,240,37,85,0.435,10,33,0.303,20,24,0.833,13,35,48,22,13,7,20,23,104,,0.544,0.494,0.388,0.282,27.7,85.4,54.5,59.5,12.7,13.7,17.3,100,101.3,105.2,,,9,17,0.692,3,10,1,6,6,1,3,7,9,5,5,3,5,5,21,6,0.773,0.833,0.667,0.667,19,28.8,17.3,29.8,7.6,9.9,34,33.9,156,113,MEM,104,1,2024,10/27/23,TRUE
37,265,52,100,0.52,8,32,0.25,10,20,0.5,11,32,43,30,7,2,18,26,122,,0.561,0.56,0.32,0.2,26.2,72.7,50,57.7,6.3,3.8,14.2,100,110,113.6,,,11,20,1,2,10,0.5,2,6,1,6,8,14,12,3,1,6,6,25,4,1.025,1,1,0.5,18.6,33.3,21.2,35.6,10.3,8,50,27.3,212,121,HOU,122,0,1,265,265,46,94,0.489,13,42,0.31,21,28,0.75,12,31,43,32,11,4,18,17,126,,0.593,0.559,0.447,0.298,27.3,73.8,50,69.6,9.9,5.9,14.5,100,113.6,110,,,8,19,0.714,4,7,1,8,11,1,5,7,12,8,4,3,4,5,25,14,1,1,0.857,0.846,19.4,33.9,24.8,48.6,4.9,7.5,30,36.5,223,119,SAS,126,1,2024,10/27/23,FALSE
38,240,38,92,0.413,12,45,0.267,17,23,0.739,8,40,48,20,10,8,13,16,105,,0.514,0.478,0.489,0.25,16.3,87,50.5,52.6,9.5,13.1,11.3,100,99.6,102.5,,,15,27,0.556,4,11,0.4,9,11,0.818,4,13,15,5,3,2,5,4,43,8,0.675,0.667,0.833,0.5,14,40,22.4,47.1,3.4,8,25,36.4,123,112,CLE,105,1,0,240,240,40,87,0.46,13,26,0.5,15,19,0.789,6,41,47,22,8,10,18,17,108,,0.566,0.534,0.299,0.218,13,83.7,49.5,55,7.6,21.3,15.9,100,102.5,99.6,,,15,26,1,3,7,1,4,6,1,3,12,13,6,5,7,5,5,34,12,1.5,1.5,1,0.5,8.1,38.1,21.3,26.7,6.3,23.2,100,37.5,186,110,OKC,108,0,2024,10/27/23,FALSE
39,240,33,88,0.375,7,28,0.25,26,34,0.765,11,30,41,20,13,7,18,23,99,,0.481,0.415,0.318,0.386,21.2,71.4,43.6,60.6,12.2,12.1,14.9,100,92.8,104,,,8,20,0.5,2,7,0.5,10,12,1,3,8,9,9,3,2,4,6,20,1,0.714,0.538,0.412,2.5,8.9,27,13.9,48,6.4,10.1,51.5,31.5,120,111,CHO,99,1,0,240,240,40,88,0.455,10,30,0.333,21,25,0.84,12,41,53,28,7,6,23,29,111,,0.561,0.511,0.341,0.284,28.6,78.8,56.4,70,6.6,10,18.9,100,104,92.8,,,8,14,0.875,3,7,0.429,11,12,1,6,11,17,6,2,2,5,6,24,28,0.875,0.875,1,1.2,19.7,29.1,24.9,37.2,4,4.6,50,33.5,171,98,DET,111,0,2024,10/27/23,FALSE
,,,,,,,,,,,,,,,,,,,,,,,,,,,,,,,,,,,,,,,,,,,,,,,,,,,,,,,,,,,,,,,,,,,,,,,,,,,,,,,,,,,,,,,,,,,,,,,,,,,,,,,,,,,,,,,,,,,,,,,,,,,,,,,,,,,,,,,,,,,,,,,,,,,,,
,,,,,,,,,,,,,,,,,,,,,,,,,,,,,,,,,,,,,,,,,,,,,,,,,,,,,,,,,,,,,,,,,,,,,,,,,,,,,,,,,,,,,,,,,,,,,,,,,,,,,,,,,,,,,,,,,,,,,,,,,,,,,,,,,,,,,,,,,,,,,,,,,,,,,
,,,,,,,,,,,,,,,,,,,,,,,,,,,,,,,,,,,,,,,,,,,,,,,,,,,,,,,,,,,,,,,,,,,,,,,,,,,,,,,,,,,,,,,,,,,,,,,,,,,,,,,,,,,,,,,,,,,,,,,,,,,,,,,,,,,,,,,,,,,,,,,,,,,,,
54,240,40,87,0.46,9,33,0.273,7,16,0.438,4,39,43,20,8,5,13,22,96,,0.51,0.511,0.379,0.184,8.5,70.9,42.2,50,8,9.4,12.1,100,96.2,87.2,,,12,17,0.706,3,8,1,3,4,1,2,5,7,7,4,3,5,5,26,18,0.833,0.833,1,0.571,6.4,70.8,38.2,33.8,6.5,9.9,33.7,33.4,132,94,NOP,96,1,0,240,240,33,90,0.367,7,37,0.189,14,18,0.778,16,43,59,19,7,3,18,17,87,,0.444,0.406,0.411,0.2,29.1,91.5,57.8,57.6,7,5.6,15.5,100,87.2,96.2,,,7,16,1,1,6,1,5,6,1,10,12,15,5,2,2,8,4,18,10,1.5,1.5,1,4,30.1,67.8,31.3,80.3,10.6,6.1,33.5,29.3,284,101,NYK,87,0,2024,10/28/23,TRUE
,,,,,,,,,,,,,,,,,,,,,,,,,,,,,,,,,,,,,,,,,,,,,,,,,,,,,,,,,,,,,,,,,,,,,,,,,,,,,,,,,,,,,,,,,,,,,,,,,,,,,,,,,,,,,,,,,,,,,,,,,,,,,,,,,,,,,,,,,,,,,,,,,,,,,
56,240,35,87,0.402,12,38,0.316,8,14,0.571,9,33,42,24,6,1,14,12,90,,0.483,0.471,0.437,0.161,18.4,82.5,47.2,68.6,6.3,1.9,13.1,100,93.9,110.6,,,8,23,0.75,4,10,1,5,10,1,3,11,11,7,2,1,4,4,22,7,0.875,0.875,0.833,0.714,25.4,62.6,28.1,32.3,3.9,26,42.9,66.1,174,117,MIA,90,0,1,240,240,44,86,0.512,12,34,0.353,6,8,0.75,7,40,47,30,9,3,14,17,106,,0.592,0.581,0.395,0.093,17.5,81.6,52.8,68.2,9.4,6.1,13.5,100,110.6,93.9,,,10,15,0.833,4,7,1,2,2,1,4,10,14,7,2,2,3,3,25,30,0.872,0.857,1,0.333,15.6,51.1,28.1,88.6,4.4,51.1,50,48.4,163,103,MIN,106,1,2024,10/28/23,FALSE
57,240,38,87,0.437,17,32,0.531,14,19,0.737,13,28,41,28,5,5,13,19,107,,0.561,0.534,0.368,0.218,28.3,75.7,49.4,73.7,5.4,8.6,12,100,115.7,123.2,,,11,16,0.688,4,6,1,3,4,1,3,7,8,10,2,2,3,5,24,5,0.901,0.875,0.75,0.6,17.2,33.3,22.2,43.6,4.4,4.5,40.3,31.5,157,131,TOR,107,1,0,240,240,43,86,0.5,10,28,0.357,18,21,0.857,9,33,42,25,8,7,9,18,114,,0.598,0.558,0.326,0.244,24.3,71.7,50.6,58.1,8.6,12.7,8.6,100,123.2,115.7,,,14,21,1,7,9,1,6,7,1,3,9,9,8,3,2,2,4,34,10,1.5,1.5,1,0.7,22.9,26.6,22.9,45.3,5.3,7.6,50,32.1,159,127,PHI,114,0,2024,10/28/23,FALSE
58,240,39,93,0.419,11,28,0.393,13,16,0.813,13,20,33,16,10,5,8,20,102,,0.51,0.478,0.301,0.172,25.5,57.1,38.4,41,10.9,8.6,7.4,100,111.6,129.1,,,19,33,1,7,13,1,6,8,1,3,4,5,4,4,2,4,5,51,4,1.5,1.5,1,0.538,19.5,20,19.3,29.5,10.9,5.7,25,48.1,300,140,CHI,102,0,1,240,240,45,86,0.523,12,28,0.429,16,20,0.8,15,38,53,29,4,4,15,18,118,,0.622,0.593,0.326,0.233,42.9,74.5,61.6,64.4,4.4,6.2,13.7,100,129.1,111.6,,,9,19,0.818,6,10,1,6,7,1,6,9,15,10,1,2,6,4,25,19,0.871,0.818,1,0.571,24.8,31.5,28.1,35.5,2.4,4.4,33.3,31,181,120,DET,118,1,2024,10/28/23,FALSE
59,240,43,99,0.434,12,31,0.387,15,24,0.625,18,33,51,29,2,6,6,16,113,,0.516,0.495,0.313,0.242,32.7,75,51.5,67.4,2.1,10,5.2,100,116.8,129.3,,,12,28,0.667,4,10,1,8,10,1,5,10,14,8,1,3,2,4,33,3,0.667,0.667,1,0.455,41.6,29.6,28.9,36.2,8.4,7.2,9.1,35.5,228,136,CLE,113,1,0,240,240,48,98,0.49,15,38,0.395,14,17,0.824,11,37,48,36,3,4,7,20,125,,0.593,0.566,0.388,0.173,25,67.3,48.5,75,3.1,5.9,6.2,100,129.3,116.8,,,10,16,0.714,5,9,0.667,5,5,1,4,11,12,13,2,2,2,5,26,21,0.825,0.857,0.583,0.4,14.5,32.6,19.8,52,4,4.8,16.7,29.5,175,127,IND,125,0,2024,10/28/23,FALSE
,,,,,,,,,,,,,,,,,,,,,,,,,,,,,,,,,,,,,,,,,,,,,,,,,,,,,,,,,,,,,,,,,,,,,,,,,,,,,,,,,,,,,,,,,,,,,,,,,,,,,,,,,,,,,,,,,,,,,,,,,,,,,,,,,,,,,,,,,,,,,,,,,,,,,
68,265,49,104,0.471,17,48,0.354,17,24,0.708,6,41,47,30,6,7,10,28,132,,0.576,0.553,0.462,0.231,11.8,83.7,47,61.2,5.2,13.2,8,100,114.5,110.1,,,14,24,1,4,9,1,6,8,1,3,14,15,8,2,2,3,6,37,15,1,1,0.643,0.375,9.4,44.5,23.4,45.3,3.3,6.5,33.3,37.9,134,119,SAC,132,1,0,265,265,43,98,0.439,15,45,0.333,26,34,0.765,8,45,53,27,4,4,12,22,127,,0.562,0.515,0.459,0.347,16.3,88.2,53,62.8,3.5,7.1,9.6,100,110.1,114.5,,,11,22,1,5,13,1,7,8,1,6,15,16,9,2,3,8,5,30,12,1.273,1.333,0.765,2,15.6,39.9,20.3,38.6,2.2,6.8,27,32.2,257,118,LAL,127,0,2024,10/29/23,TRUE
,,,,,,,,,,,,,,,,,,,,,,,,,,,,,,,,,,,,,,,,,,,,,,,,,,,,,,,,,,,,,,,,,,,,,,,,,,,,,,,,,,,,,,,,,,,,,,,,,,,,,,,,,,,,,,,,,,,,,,,,,,,,,,,,,,,,,,,,,,,,,,,,,,,,,
70,240,39,86,0.453,16,44,0.364,16,20,0.8,12,27,39,22,10,3,23,22,110,,0.58,0.547,0.512,0.233,26.7,67.5,45.9,56.4,9.7,5.4,19.5,100,106.6,123.1,,,9,14,1,4,10,1,8,10,1,5,6,11,5,2,2,6,4,26,14,1.434,1.5,1,0.714,18.1,54.4,34.1,39,7,5.8,75,37.8,279,133,MIL,110,1,0,240,240,47,93,0.505,15,37,0.405,18,22,0.818,13,33,46,32,15,2,17,17,127,,0.618,0.586,0.398,0.237,32.5,73.3,54.1,68.1,14.5,4.8,14.2,100,123.1,106.6,,,7,14,0.667,4,8,1,7,9,1,4,10,12,11,4,1,3,4,20,26,1,1,1,1,37.1,46.3,34.9,41.7,14.5,4.4,66.7,35.7,232,118,ATL,127,0,2024,10/29/23,FALSE
,,,,,,,,,,,,,,,,,,,,,,,,,,,,,,,,,,,,,,,,,,,,,,,,,,,,,,,,,,,,,,,,,,,,,,,,,,,,,,,,,,,,,,,,,,,,,,,,,,,,,,,,,,,,,,,,,,,,,,,,,,,,,,,,,,,,,,,,,,,,,,,,,,,,,
72,240,37,90,0.411,6,32,0.188,15,18,0.833,7,22,29,22,8,4,9,14,95,,0.485,0.444,0.356,0.2,15.6,68.8,37.7,59.5,8.3,6.6,8.4,100,99,133.4,,,7,16,1,1,5,1,4,4,1,2,5,5,7,4,1,2,3,19,-2,1.167,1.167,1,2,13,54.7,30.3,74.3,12,5.5,51.5,46,229,141,OKC,95,1,0,240,240,53,88,0.602,11,27,0.407,11,13,0.846,10,38,48,34,8,5,13,21,128,,0.683,0.665,0.307,0.148,31.3,84.4,62.3,64.2,8.3,8.6,12.2,100,133.4,99,,,12,16,0.75,4,7,1,5,5,1,3,12,14,8,2,3,4,4,28,25,0.833,0.833,1,0.556,18.3,42.9,29.2,36.1,9.1,10.8,40,32.1,162,108,DEN,128,0,2024,10/29/23,FALSE
,,,,,,,,,,,,,,,,,,,,,,,,,,,,,,,,,,,,,,,,,,,,,,,,,,,,,,,,,,,,,,,,,,,,,,,,,,,,,,,,,,,,,,,,,,,,,,,,,,,,,,,,,,,,,,,,,,,,,,,,,,,,,,,,,,,,,,,,,,,,,,,,,,,,,
80,240,40,87,0.46,6,17,0.353,26,31,0.839,10,34,44,19,8,6,13,17,112,,0.556,0.494,0.195,0.356,21.7,75.6,48.4,47.5,7.9,14.3,11.4,100,110.4,103.5,,,10,19,0.714,1,6,1,10,11,1,5,12,17,4,2,1,3,4,24,15,0.833,0.833,1,0.647,15.2,37.3,26.2,21.2,4.8,11.3,40,27.9,122,111,CHI,112,0,1,240,240,36,88,0.409,12,46,0.261,21,25,0.84,11,36,47,26,7,5,17,24,105,,0.53,0.477,0.523,0.284,24.4,78.3,51.6,72.2,6.9,7.1,14.7,100,103.5,110.4,,,6,16,0.571,3,8,0.5,6,8,1,3,9,11,13,2,2,4,6,20,9,0.625,0.625,1,0.571,16.9,29.6,18.3,61.7,4.5,5,36.4,30.6,132,116,IND,105,1,2024,10/30/23,TRUE
81,240,44,87,0.506,12,37,0.324,22,30,0.733,9,34,43,24,8,5,14,23,122,,0.609,0.575,0.425,0.345,21.4,82.9,51.8,54.5,7.9,9.6,12.3,100,120.2,112.4,,,12,21,0.8,3,7,0.75,9,11,1,3,6,8,5,2,1,4,3,33,18,1.1,1.1,0.8,1,12.3,37.7,24.9,34.2,5.1,5,18.4,36.7,158,121,MIL,122,1,0,240,240,41,86,0.477,13,34,0.382,19,20,0.95,7,33,40,27,7,2,14,20,114,,0.601,0.552,0.395,0.233,17.1,78.6,48.2,65.9,6.9,4,12.9,100,112.4,120.2,,,12,21,0.6,3,7,1,9,10,1,2,7,8,7,2,1,3,5,35,9,0.868,0.75,0.833,1,9,61.9,31.3,38.4,4.3,4.2,41,29.5,144,126,MIA,114,0,2024,10/30/23,TRUE
82,240,42,79,0.532,8,27,0.296,14,18,0.778,3,37,40,28,7,10,16,17,106,,0.61,0.582,0.342,0.228,8.6,75.5,47.6,66.7,7.1,16.7,15.5,100,107.6,104.5,,,12,18,0.714,3,6,0.5,5,5,1,2,17,19,8,3,3,5,4,28,12,0.864,0.821,1,0.667,7.2,43.6,28.4,36.7,4.5,9.1,50,33.8,146,114,LAL,106,1,0,240,240,38,95,0.4,14,35,0.4,13,18,0.722,12,32,44,28,10,3,11,22,103,,0.5,0.474,0.368,0.189,24.5,91.4,52.4,73.7,10.1,5.8,9.7,100,104.5,107.6,,,7,17,1,5,7,1,4,4,1,3,6,8,8,3,2,3,4,17,10,1.417,1.417,1,0.4,11.1,36.9,17.3,41.9,8.1,5.6,33.3,29.4,138,114,ORL,103,0,2024,10/30/23,TRUE
83,240,47,84,0.56,9,28,0.321,7,17,0.412,7,36,43,32,4,8,12,14,110,,0.601,0.613,0.333,0.202,17.1,67.9,45.7,68.1,4.1,13.1,11.6,100,114.1,105.8,,,12,19,1,3,7,0.5,2,5,0.667,3,9,10,14,2,2,3,4,27,13,0.904,1,0.8,1.5,10.6,29.1,16.4,48.9,7.8,5.2,28.6,29.8,188,110,DEN,110,1,0,240,240,42,98,0.429,11,37,0.297,7,15,0.467,17,34,51,30,6,2,12,21,102,,0.488,0.485,0.378,0.153,32.1,82.9,54.3,71.4,6.2,3.6,10.3,100,105.8,114.1,,,10,24,0.909,5,13,0.667,3,4,1,5,10,14,8,3,1,5,4,27,3,0.893,0.909,1,2,12,40.2,22.8,42.5,8.2,2.9,30.6,29.4,144,119,UTA,102,0,2024,10/30/23,TRUE
,,,,,,,,,,,,,,,,,,,,,,,,,,,,,,,,,,,,,,,,,,,,,,,,,,,,,,,,,,,,,,,,,,,,,,,,,,,,,,,,,,,,,,,,,,,,,,,,,,,,,,,,,,,,,,,,,,,,,,,,,,,,,,,,,,,,,,,,,,,,,,,,,,,,,
,,,,,,,,,,,,,,,,,,,,,,,,,,,,,,,,,,,,,,,,,,,,,,,,,,,,,,,,,,,,,,,,,,,,,,,,,,,,,,,,,,,,,,,,,,,,,,,,,,,,,,,,,,,,,,,,,,,,,,,,,,,,,,,,,,,,,,,,,,,,,,,,,,,,,
,,,,,,,,,,,,,,,,,,,,,,,,,,,,,,,,,,,,,,,,,,,,,,,,,,,,,,,,,,,,,,,,,,,,,,,,,,,,,,,,,,,,,,,,,,,,,,,,,,,,,,,,,,,,,,,,,,,,,,,,,,,,,,,,,,,,,,,,,,,,,,,,,,,,,
87,240,42,84,0.5,23,47,0.489,18,24,0.75,6,42,48,24,4,7,15,17,125,,0.661,0.637,0.56,0.286,15,80.8,52.2,57.1,3.9,12.7,13.7,100,122.8,108.1,,,11,22,0.7,6,12,0.667,7,10,1,2,12,12,12,1,4,6,5,35,18,0.87,0.9,1,0.6,19.6,59.1,33.4,50,3.2,28.5,100,35.5,149,115,DAL,125,0,1,240,240,42,92,0.457,14,37,0.378,12,20,0.6,10,34,44,22,9,4,12,22,110,,0.546,0.533,0.402,0.217,19.2,85,47.8,52.4,8.8,10.8,10.6,100,108.1,122.8,,,12,20,0.706,5,10,0.5,7,9,0.778,2,7,9,9,3,2,6,6,30,4,0.8,0.794,1,0.5,6.4,24.8,13.8,41,4,7.6,27.3,67.2,168,131,MEM,110,1,2024,10/30/23,TRUE
,,,,,,,,,,,,,,,,,,,,,,,,,,,,,,,,,,,,,,,,,,,,,,,,,,,,,,,,,,,,,,,,,,,,,,,,,,,,,,,,,,,,,,,,,,,,,,,,,,,,,,,,,,,,,,,,,,,,,,,,,,,,,,,,,,,,,,,,,,,,,,,,,,,,,
89,240,48,86,0.558,14,30,0.467,17,18,0.944,4,32,36,28,6,7,9,12,127,,0.676,0.64,0.349,0.209,12.5,76.2,48.6,58.3,6.3,12.3,8.7,100,132.7,118.1,,,17,24,1,3,7,1,5,5,1,2,7,7,8,2,5,3,3,41,25,1.5,1.5,1,1.333,12.4,27.2,18.7,30.8,2.5,18.7,21.2,39.4,275,128,ATL,127,1,0,240,240,44,90,0.489,16,33,0.485,9,15,0.6,10,28,38,24,5,5,10,17,113,,0.585,0.578,0.367,0.167,23.8,87.5,51.4,54.5,5.2,8.9,9.4,100,118.1,132.7,,,13,21,1,5,8,1,8,11,1,6,8,13,7,2,2,5,4,31,4,1,1,1,1.571,22.3,100,54.8,32.4,4,72.4,28.6,38.1,200,138,MIN,113,0,2024,10/30/23,TRUE
,,,,,,,,,,,,,,,,,,,,,,,,,,,,,,,,,,,,,,,,,,,,,,,,,,,,,,,,,,,,,,,,,,,,,,,,,,,,,,,,,,,,,,,,,,,,,,,,,,,,,,,,,,,,,,,,,,,,,,,,,,,,,,,,,,,,,,,,,,,,,,,,,,,,,
102,240,38,86,0.442,13,34,0.382,20,25,0.8,12,36,48,18,9,1,14,17,109,,0.562,0.517,0.395,0.291,27.3,72,51.1,47.4,9.4,1.9,12.6,100,114.1,95.3,,,7,16,1,3,6,0.6,7,10,1,4,7,10,6,2,1,5,3,19,21,1,1,1,0.714,38.5,44,23.4,55.2,4.6,3.9,25,29.8,161,107,NYK,109,0,1,240,240,36,92,0.391,10,38,0.263,9,12,0.75,14,32,46,19,6,6,15,19,91,,0.468,0.446,0.413,0.13,28,72.7,48.9,52.8,6.3,11.5,13.4,100,95.3,114.1,,,11,20,1,3,9,0.5,4,4,1,4,8,12,5,3,2,3,3,26,2,1.064,1,1,2,13.2,100,57.8,28.3,5.2,9.8,51.5,35.3,200,121,CLE,91,1,2024,10/31/23,TRUE
103,240,43,92,0.467,14,37,0.378,15,20,0.75,8,29,37,25,10,9,12,17,115,,0.57,0.543,0.402,0.217,17.8,82.9,46.3,58.1,9.8,20.5,10.6,100,113.2,112.2,,,10,20,0.75,4,9,1,4,5,1,3,6,8,5,3,4,5,5,27,13,1,1,1,1,11.3,27.2,17,21.5,5.3,15.5,33.3,37.9,190,123,SAS,115,0,1,240,240,42,83,0.506,18,39,0.462,12,15,0.8,6,37,43,29,8,7,19,18,114,,0.636,0.614,0.47,0.181,17.1,82.2,53.8,69,7.9,12.7,17.5,100,112.2,113.2,,,12,19,0.667,5,9,1,4,5,1,2,12,12,7,2,2,5,5,26,13,1,1,0.875,0.667,18.4,49.8,31.5,33.9,5.3,10.2,34,29.5,148,121,PHO,114,1,2024,10/31/23,TRUE
104,240,44,89,0.494,14,31,0.452,16,23,0.696,9,35,44,29,10,4,16,26,118,,0.595,0.573,0.348,0.258,21.4,83.3,52.4,65.9,9.7,7.8,13.9,100,114.3,98.8,,,8,17,1,6,9,1,5,7,1,2,7,9,7,5,1,3,4,27,19,1.5,1.5,1,0.875,39.2,35.3,22.7,100,7.1,4.9,50,42.9,300,108,LAC,118,1,0,240,240,38,81,0.469,7,30,0.233,19,33,0.576,7,33,40,23,9,3,16,24,102,,0.534,0.512,0.37,0.407,16.7,78.6,47.6,60.5,8.7,5.2,14.3,100,98.8,114.3,,,6,13,1,2,7,0.5,5,8,1,2,7,8,4,4,1,3,5,15,5,1,1,1,1,29.1,29.1,15.4,96.3,5.8,5.8,50,59.5,218,123,ORL,102,0,2024,10/31/23,TRUE